,Year,Month,DayofMonth,DayOfWeek,DepTime,CRSDepTime,ArrTime,CRSArrTime,UniqueCarrier,FlightNum,TailNum,ActualElapsedTime,CRSElapsedTime,AirTime,ArrDelay,DepDelay,Origin,Dest,Distance,TaxiIn,TaxiOut,Cancelled,CancellationCode,Diverted,CarrierDelay,WeatherDelay,NASDelay,SecurityDelay,LateAircraftDelay
0,2008,1,3,4,2003,1955,2211,2225,WN,335,N712SW,128,150,116,-14,8,IAD,TPA,810,4,8,0,N,0,,,,,
1,2008,1,3,4,754,735,1002,1000,WN,3231,N772SW,128,145,113,2,19,IAD,TPA,810,5,10,0,N,0,,,,,
2,2008,1,3,4,628,620,804,750,WN,448,N428WN,96,90,76,14,8,IND,BWI,515,3,17,0,N,0,,,,,
4,2008,1,3,4,1829,1755,1959,1925,WN,3920,N464WN,90,90,77,34,34,IND,BWI,515,3,10,0,N,0,2,0,0,0,32
5,2008,1,3,4,1940,1915,2121,2110,WN,378,N726SW,101,115,87,11,25,IND,JAX,688,4,10,0,N,0,,,,,
6,2008,1,3,4,1937,1830,2037,1940,WN,509,N763SW,240,250,230,57,67,IND,LAS,1591,3,7,0,N,0,10,0,0,0,47
10,2008,1,3,4,706,700,916,915,WN,100,N690SW,130,135,106,1,6,IND,MCO,828,5,19,0,N,0,,,,,
11,2008,1,3,4,1644,1510,1845,1725,WN,1333,N334SW,121,135,107,80,94,IND,MCO,828,6,8,0,N,0,8,0,0,0,72
15,2008,1,3,4,1029,1020,1021,1010,WN,2272,N263WN,52,50,37,11,9,IND,MDW,162,6,9,0,N,0,,,,,
16,2008,1,3,4,1452,1425,1640,1625,WN,675,N286WN,228,240,213,15,27,IND,PHX,1489,7,8,0,N,0,3,0,0,0,12
17,2008,1,3,4,754,745,940,955,WN,1144,N778SW,226,250,205,-15,9,IND,PHX,1489,5,16,0,N,0,,,,,
18,2008,1,3,4,1323,1255,1526,1510,WN,4,N674AA,123,135,110,16,28,IND,TPA,838,4,9,0,N,0,0,0,0,0,16
19,2008,1,3,4,1416,1325,1512,1435,WN,54,N643SW,56,70,49,37,51,ISP,BWI,220,2,5,0,N,0,12,0,0,0,25
21,2008,1,3,4,1657,1625,1754,1735,WN,623,N724SW,57,70,47,19,32,ISP,BWI,220,5,5,0,N,0,7,0,0,0,12
22,2008,1,3,4,1900,1840,1956,1950,WN,717,N786SW,56,70,49,6,20,ISP,BWI,220,2,5,0,N,0,,,,,
23,2008,1,3,4,1039,1030,1133,1140,WN,1244,N714CB,54,70,47,-7,9,ISP,BWI,220,2,5,0,N,0,,,,,
25,2008,1,3,4,1520,1455,1619,1605,WN,2553,N394SW,59,70,50,14,25,ISP,BWI,220,2,7,0,N,0,,,,,
26,2008,1,3,4,1422,1255,1657,1610,WN,188,N215WN,155,195,143,47,87,ISP,FLL,1093,6,6,0,N,0,40,0,0,0,7
27,2008,1,3,4,1954,1925,2239,2235,WN,1754,N243WN,165,190,155,4,29,ISP,FLL,1093,3,7,0,N,0,,,,,
30,2008,1,3,4,2107,1945,2334,2230,WN,362,N798SW,147,165,134,64,82,ISP,MCO,972,6,7,0,N,0,5,0,0,0,59
33,2008,1,3,4,1312,1300,1546,1550,WN,1397,N247WN,154,170,140,-4,12,ISP,MCO,972,7,7,0,N,0,,,,,
34,2008,1,3,4,1449,1430,1715,1720,WN,3398,N707SA,146,170,134,-5,19,ISP,MCO,972,6,6,0,N,0,,,,,
35,2008,1,3,4,1634,1555,1859,1845,WN,3480,N443WN,145,170,134,14,39,ISP,MCO,972,5,6,0,N,0,,,,,
37,2008,1,3,4,1812,1650,1927,1815,WN,422,N779SW,135,145,118,72,82,ISP,MDW,765,6,11,0,N,0,3,0,0,0,69
38,2008,1,3,4,1127,1105,1235,1230,WN,1837,N704SW,128,145,114,5,22,ISP,MDW,765,9,5,0,N,0,,,,,
39,2008,1,3,4,1424,1355,1531,1520,WN,2871,N709SW,127,145,113,11,29,ISP,MDW,765,8,6,0,N,0,,,,,
40,2008,1,3,4,1326,1230,1559,1530,WN,1056,N459WN,153,180,143,29,56,ISP,PBI,1052,5,5,0,N,0,0,0,0,0,29
41,2008,1,3,4,1749,1725,2019,2030,WN,2175,N621SW,150,185,138,-11,24,ISP,PBI,1052,4,8,0,N,0,,,,,
42,2008,1,3,4,726,720,958,1020,WN,3319,N206WN,152,180,140,-22,6,ISP,PBI,1052,4,8,0,N,0,,,,,
43,2008,1,3,4,646,640,929,955,WN,3667,N280WN,163,195,151,-26,6,ISP,RSW,1101,3,9,0,N,0,,,,,
44,2008,1,3,4,1153,1140,1428,1440,WN,2006,N241WN,155,180,143,-12,13,ISP,TPA,1034,4,8,0,N,0,,,,,
45,2008,1,3,4,1528,1510,1802,1810,WN,3858,N200WN,154,180,144,-8,18,ISP,TPA,1034,4,6,0,N,0,,,,,
48,2008,1,3,4,1450,1435,1806,1745,WN,3244,N475WN,136,130,121,21,15,JAN,BWI,888,7,8,0,N,0,0,0,6,0,15
49,2008,1,3,4,2245,1730,2354,1850,WN,186,N792SW,69,80,59,304,315,JAN,HOU,359,3,7,0,N,0,282,0,0,0,22
52,2008,1,3,4,2025,1940,2135,2100,WN,3154,N252WN,70,80,60,35,45,JAN,HOU,359,3,7,0,N,0,26,0,0,0,9
53,2008,1,3,4,1038,945,1314,1225,WN,1035,N346SW,96,100,81,49,53,JAN,MCO,587,8,7,0,N,0,7,0,0,0,42
54,2008,1,3,4,1900,1850,2123,2045,WN,205,N299WN,143,115,97,38,10,JAN,MDW,666,40,6,0,N,0,1,0,28,0,9
56,2008,1,3,4,948,925,959,940,WN,3430,N487WN,71,75,59,19,23,JAX,BHM,365,3,9,0,N,0,0,0,0,0,19
57,2008,1,3,4,646,620,725,655,WN,1580,N243WN,99,95,77,30,26,JAX,BNA,484,6,16,0,N,0,26,0,4,0,0
58,2008,1,3,4,1110,1040,1136,1110,WN,2195,N479WN,86,90,72,26,30,JAX,BNA,484,5,9,0,N,0,0,0,0,10,16
64,2008,1,3,4,2139,2130,2244,2240,WN,378,N726SW,65,70,54,4,9,JAX,FLL,318,3,8,0,N,0,,,,,
69,2008,1,3,4,1738,1730,1841,1840,WN,3948,N467WN,63,70,49,1,8,JAX,FLL,318,6,8,0,N,0,,,,,
70,2008,1,3,4,1813,1735,1936,1905,WN,54,N643SW,143,150,125,31,38,JAX,HOU,816,6,12,0,N,0,11,0,0,0,20
71,2008,1,3,4,802,750,1001,955,WN,2272,N263WN,119,125,104,6,12,JAX,IND,688,7,8,0,N,0,,,,,
74,2008,1,3,4,1734,1650,1941,1905,WN,23,N521SW,127,135,113,36,44,JAX,PHL,742,4,10,0,N,0,3,0,0,0,33
75,2008,1,3,4,712,700,926,915,WN,1232,N663SW,134,135,120,11,12,JAX,PHL,742,5,9,0,N,0,,,,,
76,2008,1,3,4,1318,1310,1410,1400,WN,977,N376SW,52,50,39,10,8,JAX,TPA,180,4,9,0,N,0,,,,,
77,2008,1,3,4,958,900,1052,950,WN,1574,N791SW,54,50,36,62,58,JAX,TPA,180,4,14,0,N,0,0,0,4,0,58
78,2008,1,3,4,1859,1850,1950,1945,WN,2019,N392SW,51,55,38,5,9,JAX,TPA,180,4,9,0,N,0,,,,,
79,2008,1,3,4,1538,1445,1753,1710,WN,500,N799SW,75,85,60,43,53,LAS,ABQ,487,4,11,0,N,0,15,0,0,0,28
81,2008,1,3,4,2248,2125,102,2345,WN,890,N618WN,74,80,60,77,83,LAS,ABQ,487,4,10,0,N,0,7,0,0,0,70
82,2008,1,3,4,1327,1230,1550,1500,WN,1171,N682SW,83,90,65,50,57,LAS,ABQ,487,3,15,0,N,0,50,0,0,0,0
84,2008,1,3,4,1614,1600,1833,1825,WN,1925,N509SW,79,85,60,8,14,LAS,ABQ,487,4,15,0,N,0,,,,,
86,2008,1,3,4,1832,1655,148,30,WN,302,N473WN,256,275,243,78,97,LAS,ALB,2237,3,10,0,N,0,8,0,0,0,70
87,2008,1,3,4,1229,1155,1633,1555,WN,1079,N351SW,124,120,91,38,34,LAS,AMA,758,5,28,0,N,0,3,0,4,0,31
88,2008,1,3,4,1256,1240,1724,1720,WN,155,N238WN,148,160,131,4,16,LAS,AUS,1090,3,14,0,N,0,,,,,
89,2008,1,3,4,2118,2015,144,50,WN,2021,N499WN,146,155,127,54,63,LAS,AUS,1090,5,14,0,N,0,23,0,0,0,31
90,2008,1,3,4,905,850,1334,1330,WN,3222,N309SW,149,160,135,4,15,LAS,AUS,1090,4,10,0,N,0,,,,,
91,2008,1,3,4,1739,1640,114,25,WN,1018,N245WN,275,285,253,49,59,LAS,BDL,2298,9,13,0,N,0,19,0,0,0,30
94,2008,1,3,4,1325,1240,1841,1810,WN,419,N275WN,196,210,178,31,45,LAS,BNA,1588,6,12,0,N,0,2,0,0,0,29
95,2008,1,3,4,1506,1440,2030,2010,WN,2032,N271WN,204,210,183,20,26,LAS,BNA,1588,6,15,0,N,0,18,0,0,0,2
96,2008,1,3,4,2039,1930,155,55,WN,3940,N434WN,196,205,177,60,69,LAS,BNA,1588,5,14,0,N,0,0,0,22,0,38
98,2008,1,3,4,1611,1535,1849,1825,WN,538,N619SW,98,110,73,24,36,LAS,BOI,520,3,22,0,N,0,9,0,0,0,15
99,2008,1,3,4,1824,1715,117,25,WN,2383,N290WN,233,250,221,52,69,LAS,BUF,1987,2,10,0,N,0,48,0,0,0,4
101,2008,1,3,4,2118,2015,2224,2115,WN,219,N383SW,66,60,46,69,63,LAS,BUR,223,3,17,0,N,0,17,0,6,0,46
102,2008,1,3,4,1818,1740,1916,1840,WN,391,N608SW,58,60,46,36,38,LAS,BUR,223,2,10,0,N,0,20,0,0,0,16
104,2008,1,3,4,2146,2055,2250,2155,WN,815,N626SW,64,60,48,55,51,LAS,BUR,223,3,13,0,N,0,4,0,4,0,47
105,2008,1,3,4,2241,1910,2340,2010,WN,1072,N369SW,59,60,43,210,211,LAS,BUR,223,3,13,0,N,0,114,0,0,0,96
106,2008,1,3,4,1409,1355,1513,1500,WN,1328,N396SW,64,65,50,13,14,LAS,BUR,223,2,12,0,N,0,,,,,
107,2008,1,3,4,1100,1050,1157,1155,WN,1586,N293,57,65,46,2,10,LAS,BUR,223,2,9,0,N,0,,,,,
108,2008,1,3,4,1306,1250,1406,1355,WN,1838,N509SW,60,65,47,11,16,LAS,BUR,223,2,11,0,N,0,,,,,
109,2008,1,3,4,1726,1630,1832,1740,WN,2284,N409WN,66,70,46,52,56,LAS,BUR,223,2,18,0,N,0,1,0,0,0,51
111,2008,1,3,4,1229,1220,1342,1325,WN,2874,N695SW,73,65,47,17,9,LAS,BUR,223,2,24,0,N,0,9,0,8,0,0
113,2008,1,3,4,908,845,1628,1610,WN,1774,N220WN,260,265,244,18,23,LAS,BWI,2106,6,10,0,N,0,18,0,0,0,0
114,2008,1,3,4,1817,1730,122,50,WN,2632,N784SW,245,260,230,32,47,LAS,BWI,2106,5,10,0,N,0,7,0,0,0,25
116,2008,1,3,4,956,945,1658,1645,WN,818,N244WN,242,240,213,13,11,LAS,CLE,1825,8,21,0,N,0,,,,,
117,2008,1,3,4,1849,1740,121,30,WN,564,N455WN,212,230,195,51,69,LAS,CMH,1772,2,15,0,N,0,10,0,0,0,41
118,2008,1,3,4,1210,1200,1905,1850,WN,991,N297WN,235,230,201,15,10,LAS,CMH,1772,6,28,0,N,0,10,0,5,0,0
120,2008,1,3,4,1047,1030,1328,1320,WN,157,N481WN,101,110,79,8,17,LAS,DEN,629,9,13,0,N,0,,,,,
121,2008,1,3,4,2232,2115,108,5,WN,632,N203WN,96,110,77,63,77,LAS,DEN,629,6,13,0,N,0,0,0,7,0,56
122,2008,1,3,4,1512,1315,1802,1610,WN,706,N491WN,110,115,88,112,117,LAS,DEN,629,8,14,0,N,0,0,0,0,0,112
123,2008,1,3,4,2025,1955,2301,2245,WN,908,N480WN,96,110,78,16,30,LAS,DEN,629,6,12,0,N,0,7,0,0,0,9
124,2008,1,3,4,1439,1425,1720,1720,WN,1582,N318SW,101,115,85,0,14,LAS,DEN,629,7,9,0,N,0,,,,,
125,2008,1,3,4,1627,1600,1916,1900,WN,2907,N647SW,109,120,80,16,27,LAS,DEN,629,8,21,0,N,0,2,0,0,0,14
126,2008,1,3,4,1745,1710,2017,1945,WN,2192,N313SW,92,95,78,32,35,LAS,ELP,584,2,12,0,N,0,10,0,0,0,22
127,2008,1,3,4,1049,1040,1320,1320,WN,2280,N352SW,91,100,73,0,9,LAS,ELP,584,3,15,0,N,0,,,,,
128,2008,1,3,4,1117,1050,1325,1325,WN,1636,N321SW,128,155,116,0,27,LAS,GEG,806,3,9,0,N,0,,,,,
129,2008,1,3,4,1725,1620,1940,1850,WN,2803,N660SW,135,150,116,50,65,LAS,GEG,806,4,15,0,N,0,50,0,0,0,0
130,2008,1,3,4,1824,1735,2303,2230,WN,719,N414WN,159,175,143,33,49,LAS,HOU,1235,3,13,0,N,0,12,0,0,0,21
