tweet_id,airline_sentiment,airline_sentiment_confidence,negativereason,negativereason_confidence,airline,airline_sentiment_gold,name,negativereason_gold,retweet_count,text,tweet_coord,tweet_created,tweet_location,user_timezone
5.70E+17,negative,1,Flight Attendant Complaints,1,US Airways,,thomashoward88,,0,"@USAirways US 728 pilot started the flight by announcing arrival into Gatwick, not Heathrow. Moments of concern for all aboard.",,23-02-2015 11:37,,
5.70E+17,negative,1,Customer Service Issue,0.6772,US Airways,,thomashoward88,,0,@USAirways US 728 stated their issues as: no one around to close said door. More strange. Now we're not hearing from pilot for long periods.,,23-02-2015 11:36,,
5.70E+17,negative,1,Bad Flight,0.684,US Airways,,ac_choplick,,0,@USAirways Seat 8D on Flight 545 last night is the worst seat I've ever been in.  No leg room! #dividendsmember http://t.co/NUhpLNXRIq,,23-02-2015 11:35,,Hawaii
5.70E+17,negative,1,Flight Attendant Complaints,0.6723,US Airways,,Blasterjaxx,,1,@USAirways One of your workers was very rude with us. We can tell you in DM cuz it won't be any good publicity...,,23-02-2015 11:34,TotalWorldJaxxination,
5.70E+17,negative,0.652,Late Flight,0.342,US Airways,,thomashoward88,,0,"@USAirways US 728 stated their issues as: plane not moving as cargo door open on plane. Umm, ok. A little strange.",,23-02-2015 11:34,,
5.70E+17,negative,1,Late Flight,1,US Airways,,KingFilson,,0,@USAirways my flight is delayed so I missed my connecting flight. Stuck in Philadelphia over night and no hotel voucher? Thanks for nothing,,23-02-2015 11:34,,Central Time (US & Canada)
5.70E+17,neutral,0.6729,,0,US Airways,,thomashoward88,,0,@USAirways US 728 stated their issues as: kept plane on ground to allow connecting passengers from other flight to board. Fine. Understand.,,23-02-2015 11:33,,
5.70E+17,negative,1,Customer Service Issue,1,US Airways,,BriRose16,,0,"@USAirways can I speak to a human with some compassion? I wrote an email to discuss my experience and received a generic ""sorry"" email back",,23-02-2015 11:31,"Baltimore, MD ",
5.70E+17,negative,1,Bad Flight,0.3499,US Airways,,Bachelorsaurus,,0,"@USAirways take a look at 1715. All F seats filled, so someone upgraded their friend instead of following rules.",,23-02-2015 11:31,"Arlington, VA",Quito
5.70E+17,negative,1,Customer Service Issue,0.6532,US Airways,,FahadHassan,,0,@USAirways back in line at terminal because phone guy couldn't help.  One person in front of me 20 min wait again? http://t.co/HQHdAD7fvK,,23-02-2015 11:27,Washington D.C.,Eastern Time (US & Canada)
5.70E+17,negative,1,Customer Service Issue,1,US Airways,,MediatorTerry,,0,@USAirways So you understand why I'm resorting to Twitter: No help available at  gate while this occurred or by phone afterward.,,23-02-2015 11:25,,
5.70E+17,negative,1,Late Flight,1,US Airways,,EmmaJLogue,,0,@USAirways going to miss my connection due to another tarmac delay - on US5268 then 4050 - need a flight home today please!,,23-02-2015 11:24,,Eastern Time (US & Canada)
5.70E+17,negative,1,Can't Tell,0.3662,US Airways,,thomashoward88,,0,"@USAirways, I'm expecting 400% reimbursement for the unprofessional decisions with US728 on 21 Feb. Check your very full complaint box.",,23-02-2015 11:24,,
5.70E+17,negative,0.7128,Late Flight,0.7128,US Airways,,EmmaJLogue,,0,"@USAirways what's the deal with flight 5268 from DCA to PHL? We boarded on time, left the gate a few mins Late Flight and are now sat on Tarmac?",,23-02-2015 11:22,,Eastern Time (US & Canada)
5.70E+17,negative,1,Late Flight,0.7118,US Airways,,Mister617,,0,@USAirways stranding a student trying to get to Birmingham in CLT overnight w/o any help.  You can do better than that.  @av_duffy,"[42.2822248, -71.0378408]",23-02-2015 11:18,@Mister617 follows you,Quito
5.70E+17,negative,0.6563,Customer Service Issue,0.3437,US Airways,,putajerseyon,,0,"@usairways really need help asap, so please make it quick. Thx.",,23-02-2015 11:18,,Eastern Time (US & Canada)
5.70E+17,negative,1,Customer Service Issue,0.3422,US Airways,,juliebartz,,0,@USAirways well that is not going to help. I'vebeen on hold over 3 hrs &amp; my client wants his ff nbr in the record he's elite wAA,,23-02-2015 11:18,Shawano WI,Central Time (US & Canada)
5.70E+17,negative,1,Lost Luggage,1,US Airways,,putajerseyon,,0,@usairways hi. You lost my father's wheelchair. Every time we call we just get voicemail. My dad needs it to go home. Please DM me.,,23-02-2015 11:16,,Eastern Time (US & Canada)
5.70E+17,negative,1,Late Flight,0.6492,US Airways,,B_Flight5508,,0,"@USAirways 4 segments, 4/4 delayed. Gnv &gt; CTL . CTL &gt; JAN . JAN &gt; CTL . CTL &gt; GNV. My year off from flying with you guys was the way to go.",,23-02-2015 11:16,,Eastern Time (US & Canada)
5.70E+17,negative,1,Cancelled Flight,0.3491,US Airways,,KyleHanagami,,0,@USAirways is charging me $200 to NOT take my flight. Lol. That is the last time I fly with them.,,23-02-2015 11:15,"Los Angeles, CA",Pacific Time (US & Canada)
5.70E+17,negative,1,Lost Luggage,0.6528,US Airways,,johnhughesrocks,,0,@USAirways yes. It says bag is being delivered. The local number says Not Open. Asked main # for cust service got hung up on.,,23-02-2015 11:14,,
5.70E+17,negative,0.6615,Bad Flight,0.3409,US Airways,,DanKolbet,,0,"@usairways Row 16, flight 634 today if you're looking for specifics! I can run to Home Depot for the WD40 you if you need.",,23-02-2015 11:14,"Spokane, Washington",Pacific Time (US & Canada)
5.70E+17,negative,1,Late Flight,0.6617,US Airways,,DanKolbet,,0,@USAirways seriously buy some WD40 for A319 operating flight 634 from GEG to Phoenix. Every seat squeaks w every shift. Still on ground!,,23-02-2015 11:13,"Spokane, Washington",Pacific Time (US & Canada)
5.70E+17,negative,0.6667,Can't Tell,0.6667,US Airways,,FaknilO,,0,"@USAirways I would happily wait in the terminal near food, restrooms and non irritated passengers.","[33.43588637, -111.99965664]",23-02-2015 11:10,New Mexico,Mountain Time (US & Canada)
5.70E+17,negative,1,Late Flight,1,US Airways,,FaknilO,,0,@USAirways why let passengers on board when there was an issue? Over an hour &amp; the pilot doesn't know when we'll leave.,"[33.43824974, -111.99987573]",23-02-2015 11:08,New Mexico,Mountain Time (US & Canada)
5.70E+17,negative,1,Customer Service Issue,1,US Airways,,FahadHassan,,0,@USAirways anyone there to help? Still on hold...,,23-02-2015 11:05,Washington D.C.,Eastern Time (US & Canada)
5.70E+17,negative,1,Can't Tell,0.361,US Airways,,Bachelorsaurus,,0,@USAirways oh yay! Now gate agents decide not to deal with upgrade list and just bump up whoever is closest.,,23-02-2015 11:04,"Arlington, VA",Quito
5.70E+17,negative,0.6613,Late Flight,0.6613,US Airways,,reverendvelvet,,0,@USAirways site shows on-time but FlightAware site shows delayed. Trying to decide if I get out in this ice to catch FLT 456 to PHX.,,23-02-2015 11:03,Houston TX,Mountain Time (US & Canada)
5.70E+17,negative,0.6669,Customer Service Issue,0.3532,US Airways,,Jess_Yoga,,0,@USAirways is the absolute worst airline. 13 women were inconvenienced due to maintenance issues. Stuck all over- no care given.,,23-02-2015 11:03,Wherever my breath takes me ,Atlantic Time (Canada)
5.70E+17,negative,1,Customer Service Issue,0.6832,US Airways,,aepleiss,,0,"@USAirways flights &amp; ""customer relations"" are extremely disappointing. Faced too many problems to type. apology=$25 towards a flight. A JOKE",,23-02-2015 11:03,,
5.70E+17,negative,1,Customer Service Issue,1,US Airways,,Whitncam,,0,@USAirways sitting here in PHL with all of your rude Customer Service Agents!,,23-02-2015 11:00,,
5.70E+17,negative,1,Late Flight,1,US Airways,,meganpberger,,0,@USAirways @AmericanAir - Can flight #415 get the paperwork inputted?? We should have taken off an hour .. #sittingontheplane #hungry,,23-02-2015 10:54,,Quito
5.70E+17,negative,1,Customer Service Issue,1,US Airways,,FahadHassan,,0,@USAirways now on hold with customer care.  Wonder if someone will pick up the phone before 5pm.,,23-02-2015 10:50,Washington D.C.,Eastern Time (US & Canada)
5.70E+17,negative,1,Late Flight,0.6733,US Airways,,jsjonker,,0,@USAirways when will FLT 445 get a gate at DEN? Over 20 minutes waiting with no information.,,23-02-2015 10:50,,
5.70E+17,negative,0.6759,Flight Booking Problems,0.3545,US Airways,,Bachelorsaurus,,0,@USAirways lots of fun to be removed from top of a list and manually readded to the bottom thanks to club agents. Thanks a lot Asha at DCA.,,23-02-2015 10:42,"Arlington, VA",Quito
5.70E+17,negative,1,Late Flight,1,US Airways,,RuthieSeale,,0,@USAirways your delayed flight out of Wilmington made me miss my flight out of Charlotte. Figure out how to take off and arrive on time.,,23-02-2015 10:42,Aldie va,
5.70E+17,positive,1,,,US Airways,,Blasterjaxx,,9,@USAirways Wow unbelievable how you treat your customers at Puerto Rico airport! 👍,,23-02-2015 10:42,TotalWorldJaxxination,
5.70E+17,negative,1,Bad Flight,0.6688,US Airways,,Bachelorsaurus,,0,"@USAirways usually ""sorry"" doesn't involve moving people to middle seats and removing them from upgrade lists. Guess that's a club perk.",,23-02-2015 10:41,"Arlington, VA",Quito
5.70E+17,negative,0.6837,Late Flight,0.3585,US Airways,,nhbonedoc,,0,@USAirways don't worry. Used own initiative and arriving much earlier than you planned for me,,23-02-2015 10:37,,
5.70E+17,negative,0.6966,Can't Tell,0.6966,US Airways,,ecgetty,,0,@USAirways nice try at the gate making traveler after traveler put bags in the size guide because you oversold.  Sorry #minefits,,23-02-2015 10:35,"wilmington, nc",Eastern Time (US & Canada)
5.70E+17,negative,1,Bad Flight,0.6484,US Airways,,marvinatorsb,,0,"@USAirways horrible service, wrong plane arrived, many confirmed passengers could not get on flight we paid for due to lack of seats flight",,23-02-2015 10:28,,
5.70E+17,neutral,1,,,US Airways,,athenatrigal,,0,@USAirways trying to book award travel leaving on red-eye Sunday night after midnight. Should I book the date in Sunday or Monday?,,23-02-2015 10:27,,Eastern Time (US & Canada)
5.70E+17,negative,1,Customer Service Issue,0.6598,US Airways,,marvinatorsb,,0,"@USAirways booked flight 1mnth ago, seat CONFIRMED, small plane arrived and was not allowed to board bcs no seat, horrible service",,23-02-2015 10:25,,
5.70E+17,negative,1,Lost Luggage,1,US Airways,,Ward1987M,,0,"@USAirways Very frustrated, checked bag in Logan, was not given a luggage ticket,now luggage is lost &amp; no ownership from @USAirways",,23-02-2015 10:24,,
5.70E+17,positive,1,,,US Airways,,electromail,,0,@USAirways They were breathing very heavily. but were super helpful. Thank you.,,23-02-2015 10:14,Watching @Interpol somewhere,Amsterdam
5.70E+17,negative,1,Customer Service Issue,1,US Airways,,electromail,,0,"@USAirways Aye, and nothing to do with an automated system which doesn't work properly. Anyway, got through to somebody...",,23-02-2015 10:14,Watching @Interpol somewhere,Amsterdam
5.70E+17,positive,0.6513,,0,US Airways,,lulainlife,,0,"@USAirways okay, great. Thank you!",,23-02-2015 10:10,"Washington, DC",Eastern Time (US & Canada)
5.70E+17,negative,1,Late Flight,0.6723,US Airways,,nhbonedoc,,0,@USAirways now my rebooked connection is delayed.,,23-02-2015 10:08,,
5.70E+17,negative,1,Lost Luggage,1,US Airways,,Andyba25,,0,@USAirways I am in meetings in California and have no luggage!!,,23-02-2015 10:08,South,
5.70E+17,negative,1,Customer Service Issue,1,US Airways,,johnhughesrocks,,0,@USAirways And the number your agent gave me to call says you are not open? And the main number goes to a computer saying it is delivered?,,23-02-2015 10:08,,
5.70E+17,negative,1,Customer Service Issue,1,US Airways,,rapidtravelchai,,0,@USAirways any way to get your call center to answer for a OneWorld award? Whenever try system says too busy and disconnect or endless hold,,23-02-2015 10:08,,Eastern Time (US & Canada)
5.70E+17,negative,1,Lost Luggage,1,US Airways,,johnhughesrocks,,0,@USAirways Why did you put my luggage on the plane after mine? Then not deliver it to me like you said? Now show the claim as closed online?,,23-02-2015 10:06,,
5.70E+17,negative,1,Customer Service Issue,1,US Airways,,taleson2wheels,,0,@USAirways takes my money at once but then requires 7 to 10 days to process a refund? Why does your auto attendant hang up? #usairwaysfail,,23-02-2015 10:03,,
5.70E+17,negative,0.6598,Customer Service Issue,0.6598,US Airways,,nhbonedoc,,0,@USAirways how long for a reply,,23-02-2015 10:03,,
5.70E+17,neutral,0.6809,,0,US Airways,,mrpearson3rd,,0,@USAirways Bag policy says stroller OR car seat.  We need to bring 2 car seats and 1 stroller.  Should I just call for details?,,23-02-2015 09:58,,
5.70E+17,positive,1,,,US Airways,,FitzFrancis,,0,@USAirways it was customer service like I have never seen before!  Kudos to your organization.,,23-02-2015 09:53,,
5.70E+17,negative,1,Customer Service Issue,0.6809,US Airways,,jonbrownmusic,,0,@USAirways Who intentionally buys a flight with a 10 hour layover?  And what kind of airline would charge $200 to fix it? Wow... #usairways,,23-02-2015 09:52,New Orleans,
5.70E+17,negative,1,Customer Service Issue,1,US Airways,,UrbanPranaYoga,,0,@USAirways how do I get a hold of customer service? I've called multiple times &amp; have been on hold for 30+ mins only to have to hang up,,23-02-2015 09:52,"Pittsburgh, PA",
5.70E+17,negative,1,Customer Service Issue,1,US Airways,,MustSeeItAll_,,0,@USAirways is there a # or a time bracket I can call to fix this problem?I've been attempting to fix this contact information issue for days,,23-02-2015 09:51,NYC // LI ,
5.70E+17,negative,1,Customer Service Issue,1,US Airways,,Andyba25,,0,@USAirways I called the number and they said no one is available to take my call...guys this is insane,,23-02-2015 09:47,South,
5.70E+17,negative,0.6575,Customer Service Issue,0.6575,US Airways,,jhughes1025,,0,.@USAirways Can't book a flight online or over the phone. Your customer service is usually great -- anything you can do to help?,,23-02-2015 09:38,Washington DC,Alaska
5.70E+17,negative,1,Cancelled Flight,0.6714,US Airways,,EdPlotts,,0,"@USAirways / @AmericanAir was the worst experience I've ever had flying. Rude, delays, Cancelled Flightlations, lack of updates, and wasting our time",,23-02-2015 09:37,Philadelphia,Eastern Time (US & Canada)
5.70E+17,neutral,1,,,US Airways,,CatieKriewald,,0,"@USAirways contact via FB messages, Twitter DM or text?",,23-02-2015 09:37,"Stillwater, MN",Central Time (US & Canada)
5.70E+17,negative,1,Customer Service Issue,1,US Airways,,CatieKriewald,,0,@USAirways called 3x &amp; it says high call volumes call back. At $1 a minute for international calls is there any way someone can contact me?,,23-02-2015 09:33,"Stillwater, MN",Central Time (US & Canada)
5.70E+17,negative,1,Customer Service Issue,0.6596,US Airways,,Debbie_GBennett,,0,@USAirways @jhughes1025 grrrrrrrr. Couldn't book a flight via calling either :(,,23-02-2015 09:26,Indianapolis,Indiana (East)
5.70E+17,negative,1,Late Flight,1,US Airways,,nhbonedoc,,0,"@USAirways delayed, connection missed, now extended layover how about a lounge pass for PHL. #5077",,23-02-2015 09:26,,
5.70E+17,negative,1,Late Flight,0.37,US Airways,,phillipfgo,,0,"@USAirways Another twist in the plot. Took off from Miami, then had to return due to a unsecured cargo door. most stressful vacation ever.",,23-02-2015 09:25,"Cincinnati, OH",
5.70E+17,negative,0.35,Can't Tell,0.35,US Airways,,JKlein126,,0,@USAirways she will be reaching out to you! HARDWORKING mom just trying to do her best!,,23-02-2015 09:24,,
5.70E+17,neutral,1,,,US Airways,,ColfaxCapital,,0,"@USAirways great operation you guys are running. More mechanical issues, and now taping piece of plane together LOL http://t.co/I5V9wfbtuE",,23-02-2015 09:23,"39.0708° N, 106.9886° W",Quito
5.70E+17,neutral,0.6593,,,US Airways,,jhughes1025,,0,@USAirways thanks! Any idea when it will be resolved? I'd like to purchase my ticket!,,23-02-2015 09:23,Washington DC,Alaska
5.70E+17,neutral,1,,,US Airways,,dtopler,,0,"@USAirways Hi, can you attach my AA FF# 94LXA62 to reservation E2KVM4. Thansk!",,23-02-2015 09:23,"New York, NY",Eastern Time (US & Canada)
5.70E+17,negative,1,Customer Service Issue,1,US Airways,,bcruz1028,,0,@USAirways When I check online it states status closed. What does this mean? As I have yet been able to reach a live person...,,23-02-2015 09:20,,
5.70E+17,negative,0.6875,Customer Service Issue,0.6875,US Airways,,electromail,,0,@USAirways Your system is affected by the weather?,,23-02-2015 09:18,Watching @Interpol somewhere,Amsterdam
5.70E+17,positive,1,,,US Airways,,The_BlueAnchor,,0,@USAirways we called and were able to get rescheduled. Thank you for the quick responses today!!,,23-02-2015 09:18,"Dallas, TX",Central Time (US & Canada)
5.70E+17,negative,1,Customer Service Issue,0.3526,US Airways,,juliebartz,,0,@USAirways how do you get your aa frequent flyer number to appear in a USAir reservation?? Frustrating,,23-02-2015 09:17,Shawano WI,Central Time (US & Canada)
5.70E+17,negative,0.6427,Customer Service Issue,0.6427,US Airways,,lulainlife,,0,@USAirways I'm unable to check in for flight 2119 BOS-DCA and haven't heard if flight was Cancelled Flighted/rescheduled. Any updates??,,23-02-2015 09:16,"Washington, DC",Eastern Time (US & Canada)
5.70E+17,negative,0.967,Can't Tell,0.8042,US Airways,negative,mydulcebella,Can't Tell,1,@USAirways / @AmericanAir don't forget without your customers you would be out of business! #epicfail #usairwaysfail,,23-02-2015 09:12,Pennsylvania,Eastern Time (US & Canada)
5.70E+17,neutral,0.6563,,0,US Airways,,therealcharlie,,0,@USAirways Hi guys! Are flights 5594 and 3937 still on time? The site and app are both down and I can't check. Thanks!,,23-02-2015 09:11,"Melbourne, Australia",Sydney
5.70E+17,negative,1,Can't Tell,1,US Airways,,MeeestarCoke,,0,@USAirways @AmericanAir hey since you    f*%#ed my wknd can I have day pass to admirals club or meal coupon or free coke? {blank stare},,23-02-2015 09:06,BK,
5.70E+17,negative,1,Customer Service Issue,0.6736,US Airways,,daknadler,,1,@USAirways : You Make the Reservation; We'll Make the Excuses! #usairwaysfail,,23-02-2015 09:05,Jacksonville,Eastern Time (US & Canada)
5.70E+17,negative,0.685,Lost Luggage,0.685,US Airways,,Andyba25,,1,"@USAirways I listed my baggage claim number.  Have them call me, my number is on the ticket.  I had to use Lady Speed Stick this morning.",,23-02-2015 09:05,South,
5.70E+17,negative,1,Lost Luggage,0.6735,US Airways,,acnewsguy,,0,@USAirways Another dead end.  They only handle AA L&amp;F.  They gave me the same failed # I already had. 610-362-7498(99) VM full.  #lost,,23-02-2015 09:04,"New Haven, CT",Mountain Time (US & Canada)
5.70E+17,negative,1,Flight Attendant Complaints,0.6608,US Airways,,mydulcebella,,0,@USAirways  Houston Gate 17 customer Service needs to treat people with respect. There are hardly people waiting! #chillpill #usairwaysfail,,23-02-2015 09:04,Pennsylvania,Eastern Time (US & Canada)
5.70E+17,positive,0.7059,,0,US Airways,,steve_muns,,0,@USAirways over the phone. I called the 6170 number and she picked up almost immediately.,,23-02-2015 09:00,"Washington, DC",Eastern Time (US & Canada)
5.70E+17,neutral,0.6838,,,US Airways,,HutchinsJim,,0,"@USAirways @HutchinsJim Yes, I made the flight and got my workout in too.",,23-02-2015 08:56,"Carmel, IN",Atlantic Time (Canada)
5.70E+17,positive,0.6882,,,US Airways,,The_BlueAnchor,,0,@USAirways 603 &amp; 2705 DFW to PSP thank you!,,23-02-2015 08:55,"Dallas, TX",Central Time (US & Canada)
5.70E+17,positive,0.6392,,,US Airways,,ChrisClark09,,0,@USAirways 1899. Thanks,,23-02-2015 08:51,Mentor/Columbus,Eastern Time (US & Canada)
5.70E+17,negative,0.6146,Flight Booking Problems,0.3125,US Airways,,cookyvonne,,0,@USAirways what's going on with your website &amp; mobile app??? Help!!!,,23-02-2015 08:44,,
5.70E+17,negative,0.6391,Can't Tell,0.6391,US Airways,,MediatorTerry,,0,@USAirways We have submitted the customer relations form and await your response!,,23-02-2015 08:41,,
5.70E+17,negative,1,Customer Service Issue,1,US Airways,,electromail,,0,"@USAirways That is the height of rudeness, and without question the worst customer service I have ever experienced.",,23-02-2015 08:41,Watching @Interpol somewhere,Amsterdam
5.70E+17,negative,1,Customer Service Issue,0.6838,US Airways,,electromail,,0,@USAirways I NEED TO *SPEAK* TO SOMEBODY ABOUT A RESERVATION. As in talk to a human being. Yet your computer system puts the phone down on,,23-02-2015 08:40,Watching @Interpol somewhere,Amsterdam
5.70E+17,neutral,0.6596,,0,US Airways,,mattiasskovhoej,,0,@USAirways Will you pick up your phone then?,,23-02-2015 08:38,Danmark,Copenhagen
5.70E+17,negative,1,Bad Flight,0.3621,US Airways,,daknadler,,0,@USAirways : Premier provider of missed connections! #usairwaysfail,,23-02-2015 08:38,Jacksonville,Eastern Time (US & Canada)
5.70E+17,negative,0.6739,Customer Service Issue,0.6739,US Airways,,TheRealChrisCin,,0,"@USAirways I'm sure the people are working very hard, but the systems should assist with IVR prompting, offering call backs, hold wait times",,23-02-2015 08:35,"Richmond, VA",Central Time (US & Canada)
5.70E+17,negative,1,Bad Flight,0.6478,US Airways,,StevenS_CG,,0,@USAirways thanks for a subpar travel experience and it's not even over yet #stepitup,"[33.43790009, -111.99746652]",23-02-2015 08:33,"Carlsbad, CA",
5.70E+17,positive,1,,,US Airways,,steve_muns,,0,@USAirways FYI your customer service rep Carol is an absolute delight. So pleasant to with with and rebooked me in lightning speed! Thanks!,,23-02-2015 08:32,"Washington, DC",Eastern Time (US & Canada)
5.70E+17,negative,1,Customer Service Issue,1,US Airways,,hannah_rose22,,0,"@USAirways is struggling. had me on hold for 25 minutes, kicked me back to the start, then said they couldnt handle the amount of calls",,23-02-2015 08:28,Colorado ,Mountain Time (US & Canada)
5.70E+17,negative,1,Lost Luggage,0.6743,US Airways,,Andyba25,,0,@USAirways no you call me.,,23-02-2015 08:27,South,
5.70E+17,negative,1,Lost Luggage,0.677,US Airways,,_Leycar,,0,@USAirways they told me to call back Late Flightr,,23-02-2015 08:24,,Eastern Time (US & Canada)
5.70E+17,negative,1,Flight Booking Problems,0.6495,US Airways,,dan3598328,,0,@USAirways i will be Cancelled Flighting my us airways credit card and choosing other airlines after my experience this week.,,23-02-2015 08:22,"Hillsborough, New Jersey",Eastern Time (US & Canada)
5.70E+17,neutral,0.6696,,,US Airways,,The_BlueAnchor,,0,"@USAirways thank you, but it says the website is down",,23-02-2015 08:22,"Dallas, TX",Central Time (US & Canada)
5.70E+17,negative,1,Customer Service Issue,1,US Airways,,EmilyRadtke_99,,0,"@USAirways I cant make it to airport, roads are to bad in DFW and no one is answering the phones and the website is down?How do I reschedule",,23-02-2015 08:19,go central ,
5.70E+17,negative,1,Late Flight,0.3407,US Airways,,fcutitta,,0,@USAirways Pilot pleads to let boarding begin for full flight #1937 while waiting for 4th flight attendant. Denied by mission control. Grrrr,"[35.21843964, -80.94253029]",23-02-2015 08:19,"Wayland, MA USA",Eastern Time (US & Canada)
5.70E+17,negative,1,Customer Service Issue,1,US Airways,,ChrisClark09,,2,@USAirways website isnt working and I cant talk to any1 on the phone to check flight status out of dfw. Roads are awful and cant get there,,23-02-2015 08:18,Mentor/Columbus,Eastern Time (US & Canada)
5.70E+17,negative,1,Cancelled Flight,0.6373,US Airways,,eozonian,,0,@USAirways rebooked for Tuesday. Arriving too Late Flight for on Tuesday to start the class. Cancelled Flightled the trip.,,23-02-2015 08:18,TLH,
5.70E+17,negative,1,Cancelled Flight,1,US Airways,,steve_muns,,0,@USAirways If my flight is going to be Cancelled Flightled every week I might as well be in business class.,,23-02-2015 08:17,"Washington, DC",Eastern Time (US & Canada)
5.70E+17,negative,1,Cancelled Flight,1,US Airways,,steve_muns,,0,@USAirways 2102 DCA-BOS. Cancelled Flightled after making us wait over an hour. If I fly USAir every week can you upgrade my status proactively?,,23-02-2015 08:16,"Washington, DC",Eastern Time (US & Canada)
5.70E+17,positive,1,,,US Airways,,AraeB,,0,@USAirways DOMINICK L. at La Guardia airport NYC gives the absolute best customer service! Thanku! Checking in made easy!,,23-02-2015 08:12,east coast,
5.70E+17,negative,1,Customer Service Issue,0.6526,US Airways,,tannapistolis,,0,@USAirways congrats on treating your customers the worst way possible. I know plenty of other ppl who have had horrible experience w you too,,23-02-2015 08:11,,Eastern Time (US & Canada)
5.70E+17,negative,1,Cancelled Flight,1,US Airways,,K31RRY,,0,"@USAirways Going to Manchester, UK now i'm going to miss a wedding. You going to rebook that too? Why have you chosen to Cancelled Flight my flight??",,23-02-2015 08:07,Sheffield,
5.70E+17,negative,1,Lost Luggage,0.6555,US Airways,,CatieKriewald,,0,@USAirways if you DM me we can take this offline. Would love more info on location of lost bags. Any help is appreciated.,,23-02-2015 08:07,"Stillwater, MN",Central Time (US & Canada)
5.70E+17,negative,1,Lost Luggage,1,US Airways,,CatieKriewald,,0,"@USAirways thanx but this isn't my first rodeo. Done &amp; done yesterday. No results or comm, unless u count status: bags lost &amp; claim filed.",,23-02-2015 08:04,"Stillwater, MN",Central Time (US & Canada)
5.70E+17,negative,1,Customer Service Issue,1,US Airways,,acnewsguy,,0,@USAirways @acnewsguy can you give me a # for US Air in philly to talk to a real person? Acarl4@hotmail.com,,23-02-2015 08:03,"New Haven, CT",Mountain Time (US & Canada)
5.70E+17,negative,1,Bad Flight,0.7038,US Airways,,ThisGuyShaun,,0,@USAirways would have been nice to be offered in flight credit. Especially since I'm staring at empty overhead room.,,23-02-2015 08:03,,
5.70E+17,negative,1,Late Flight,1,US Airways,,steve_muns,,0,@USAirways or how about power outlets at your seat if you're gonna keep us siting here forever?,,23-02-2015 08:02,"Washington, DC",Eastern Time (US & Canada)
5.70E+17,negative,1,Customer Service Issue,1,US Airways,,BriRose16,,0,@USAirways I would appreciate a call regarding a HORRIBLE experience I had with a gate agent. Was on hold for 39 min and then hung on me.,,23-02-2015 08:00,"Baltimore, MD ",
5.70E+17,neutral,0.6578,,0,US Airways,,MustSeeItAll_,,0,"@USAirways I understand that, and when I'm attempting to change the information so they are identical, it tells me to call a #",,23-02-2015 07:57,NYC // LI ,
5.70E+17,negative,1,Late Flight,1,US Airways,,Tasil2005,,0,@USAirways What is going on with flight 1826 from PHL to PHX? 10 mins to estimated departure nobody has board and no update.,,23-02-2015 07:56,,
5.70E+17,negative,1,Lost Luggage,1,US Airways,,_Leycar,,0,@USAirways but my bag is still missing,,23-02-2015 07:54,,Eastern Time (US & Canada)
5.70E+17,negative,0.8563,Late Flight,0.5938,US Airways,negative,ConstanceSCHERE,Late Flight,0,@USAirways Seriously doubt that as I am still sitting inside at the gate.,"[39.8805621, -75.23893393]",23-02-2015 07:52,"Boston, MA",Atlantic Time (Canada)
5.70E+17,negative,1,Customer Service Issue,0.6826,US Airways,,dan3598328,,0,"@USAirways Customer service is dead. Last wk, flts delayed/Cancelled Flighted. Bags lost 4 days. Last nt, flt delayed/Cancelled Flighted.  No meal voucher?",,23-02-2015 07:50,"Hillsborough, New Jersey",Eastern Time (US & Canada)
5.70E+17,negative,1,Cancelled Flight,0.6967,US Airways,,TheRealChrisCin,,0,"@USAirways flight US1562 from RIC2DFW was Cancelled Flightled yesterday &amp; I was on hold w/ cust. service from 6-10pm EST...4 hours, no answer...",,23-02-2015 07:48,"Richmond, VA",Central Time (US & Canada)
5.70E+17,neutral,1,,,US Airways,,MeeestarCoke,,0,"@USAirways @AmericanAir taking off now. if I don't have a private jet to bora bora by the time I land, I'm calling Oprah",,23-02-2015 07:42,BK,
5.70E+17,negative,1,Customer Service Issue,1,US Airways,,MeeestarCoke,,0,"@USAirways @AmericanAir call the number listed? sure! by next Friday, I should get a real live person on the line http://t.co/8TJUuM22dD",,23-02-2015 07:40,BK,
5.70E+17,negative,1,Cancelled Flight,1,US Airways,,eozonian,,0,@USAirways thanks for Cancelled Flighting flight 5097 today. Now missing required training. Not a happy customer.,,23-02-2015 07:38,TLH,
5.70E+17,negative,1,Can't Tell,1,US Airways,,sydlisterney,,0,@USAirways Strike Three!!! You guys suck!!!,,23-02-2015 07:38,babynole'18,Quito
5.70E+17,negative,1,Cancelled Flight,0.3441,US Airways,,jamescav25,,0,"@USAirways 2 days in a row, not buying it. I suggest you review your policy w respect to unaccompanied minors, should have had a seat on Sun",,23-02-2015 07:38,"Des Moines, IA",
5.70E+17,negative,0.716,Flight Booking Problems,0.3609,US Airways,,MeeestarCoke,,0,@USAirways @AmericanAir ok the app doesn't seem to be working. just use the mobile site... http://t.co/4kLfywwMq1,,23-02-2015 07:37,BK,
5.70E+17,negative,1,Flight Booking Problems,1,US Airways,,adamrdodd,,0,"@USAirways Wife and I flew to Italy recently. Bought tickets via Finnair, flights operated by USAir. Didn't get dividend miles credited.",,23-02-2015 07:36,"Newark, DE",
5.70E+17,negative,1,Late Flight,1,US Airways,,ezemanalyst,,0,"@USAirways 8 hour delay pho-mia, your airline is bad and getting worse, Foolish for american to merge.  You treat your customers like crap",,23-02-2015 07:35,,
5.70E+17,negative,1,Customer Service Issue,1,US Airways,,MeeestarCoke,,0,@USAirways @AmericanAir 28 hours Late Flightr still no email. work supervisor needs documentation to approve last minute vacation day request,,23-02-2015 07:35,BK,
5.70E+17,negative,0.6987,Customer Service Issue,0.6987,US Airways,,MeeestarCoke,,0,@USAirways @AmericanAir 3 hours on hold got rebooked on a new flight yesterday. I asked for a new itinerary/confirmation email to be sent,,23-02-2015 07:34,BK,
5.70E+17,negative,1,Cancelled Flight,1,US Airways,,Allmyvacations,,0,@USAirways here's to sitting on hold for 4 hrs flight Cancelled Flighted and they disconnect twice. #fend4urself #stranded #diverted,,23-02-2015 07:32,Stafford VA,
5.70E+17,negative,1,Cancelled Flight,1,US Airways,,K31RRY,,0,"@USAirways Cancelled Flights flight Tampa to Philadelphia today due to runway conditions yet tonnes of USAirways flights landing there today, explain!",,23-02-2015 07:31,Sheffield,
5.70E+17,negative,0.6522,Flight Booking Problems,0.337,US Airways,,bdaneu,,0,@USAirways your phone system is not working at all I have been bumped again so now I am at 3 times I need to get out of mco,,23-02-2015 07:27,,Eastern Time (US & Canada)
5.70E+17,negative,1,Late Flight,1,US Airways,,_Leycar,,0,@USAirways no my flight plans have been delayed until tuesday due to your computer crash,,23-02-2015 07:26,,Eastern Time (US & Canada)
5.70E+17,negative,1,Late Flight,0.6976,US Airways,,ConstanceSCHERE,,0,@USAirways 4914 from PHL to BGM. I cannot believe this has happened 2x in under two weeks!,,23-02-2015 07:23,"Boston, MA",Atlantic Time (Canada)
5.70E+17,negative,0.6507,Bad Flight,0.3275,US Airways,,MeeestarCoke,,0,"@USAirways @AmericanAir ""ma'am the doors close 10 mins prior to departure"" ""but I was here 20 mins before?!?"" laughter from the 2 agents",,23-02-2015 07:22,BK,
5.70E+17,negative,1,Flight Attendant Complaints,1,US Airways,,MeeestarCoke,,0,"@USAirways @AmericanAir at 9:05am after the plane left: ""why were there no agents and why were the doors closed so early?""",,23-02-2015 07:21,BK,
5.70E+17,negative,1,Customer Service Issue,0.3511,US Airways,,Isqrdisnegativ1,,0,@USAirways I called more than 25 times to redeem mile points and can't get through.  You advertise the miles but make them very hard to use!,,23-02-2015 07:20,,
5.70E+17,negative,1,Can't Tell,0.3617,US Airways,,MeeestarCoke,,0,"@USAirways @AmericanAir me after arriving at 8:41am for a flight scheduled to depart at 8:57am. doors closed, no agents",,23-02-2015 07:19,BK,
5.70E+17,negative,1,Lost Luggage,1,US Airways,,bcruz1028,,0,@USAirways I need to speak with a live person. I've had it with the recordings. I was told on Sat that we'd have our luggage by yest.,,23-02-2015 07:17,,
5.70E+17,positive,1,,,US Airways,,miscgal,,0,@USAirways Thanks for the information!,,23-02-2015 07:15,,Tehran
5.70E+17,neutral,1,,,US Airways,,NathanOKIE,,0,@USAirways @AmericanAir I need to move a reservation due to weather in the middle part of the U.S.  I would like to change departing airport,,23-02-2015 07:07,,Hawaii
5.70E+17,positive,1,,,US Airways,,FitzFrancis,,0,@USAirways couldn't be more thankful to your #orf and #dca crews on the ground and in the air today for help with a sick kid and a lost bag!,,23-02-2015 07:02,,
5.70E+17,negative,1,Late Flight,1,US Airways,,tjmurphy24_law,,0,@USAirways thx for delayed checkin on noon flt to mia then forcing me to take Late Flightr flts which were delayed. Cincy to Miami in 13 hrs! #fast,,23-02-2015 07:02,Terrace Park OH,
5.70E+17,negative,1,Customer Service Issue,0.6923,US Airways,,MustSeeItAll_,,0,@USAirways getting extremely frustrated w/ the phone/online service for merging frequent flyer miles.,,23-02-2015 07:00,NYC // LI ,
5.70E+17,negative,1,Customer Service Issue,0.68,US Airways,,jamescav25,,0,@USAirways already spent 60 mins today handling this for my minor child. Shame on you for treating a 15 year old girl like this.,,23-02-2015 06:58,"Des Moines, IA",
5.70E+17,neutral,0.6716,,0,US Airways,,NathanOKIE,,0,@USAirways @AmericanAir can someone help me with some travel issues today?,,23-02-2015 06:55,,Hawaii
5.70E+17,negative,1,Late Flight,0.672,US Airways,,ConstanceSCHERE,,0,"@USAirways First the pilot was Late Flight, now it's maintenance. This is EXACTLY what happened two weeks ago. Unacceptable.","[39.88116058, -75.24031037]",23-02-2015 06:55,"Boston, MA",Atlantic Time (Canada)
5.70E+17,neutral,1,,,US Airways,,LarrySandeen,,0,"@USAirways There is nothing on my USAir CC at this point, but the email stated I would be charged.  Thanks for the reply.","[0.0, 0.0]",23-02-2015 06:50,Southeastern Pennsylvania USA,
5.70E+17,negative,1,Can't Tell,0.6826,US Airways,,ashwatson3,,0,@USAirways I will NEVER fly us airways or american again and I will share this nightmare of a story to all the many others we know who fly,,23-02-2015 06:46,,
5.70E+17,negative,1,Flight Attendant Complaints,0.6869,US Airways,,ashwatson3,,0,"@USAirways i have never been treated so poorly by an airline in my life, as a military family we do alot of flying..",,23-02-2015 06:45,,
5.70E+17,negative,1,Customer Service Issue,0.676,US Airways,,LarrySandeen,,0,@USAirways @AmericanAir - Burned a lot of time and cell minutes working through this flight issue - hopefully we fly home in the morning.,"[0.0, 0.0]",23-02-2015 06:44,Southeastern Pennsylvania USA,
5.70E+17,negative,1,Customer Service Issue,0.6902,US Airways,,ashwatson3,,0,@USAirways you would rather a while plane get exposed to a nasty contagious virus then work wth me to get my flight changed to a Late Flightr date,,23-02-2015 06:44,,
5.70E+17,neutral,0.6771,,0,US Airways,,heatherjpitcher,,0,@USAirways &amp; @AmericanAir what are your weight restrictions for carry on luggage? Can find measurements but not weight restrictions. TIA,,23-02-2015 06:44,,Quito
5.70E+17,negative,1,Cancelled Flight,0.6866,US Airways,,ashwatson3,,0,@USAirways i worked with you and bought my own rental car when you failed to get me to the location i paid to get to and now....,,23-02-2015 06:43,,
5.70E+17,negative,1,Customer Service Issue,1,US Airways,,AFord1358,,0,@USAirways I've been on hold for 30 minutes and counting. #unacceptable,,23-02-2015 06:43,,Central Time (US & Canada)
5.70E+17,negative,1,Cancelled Flight,1,US Airways,,LarrySandeen,,0,@USAirways Discovered our flight was Cancelled Flightled yesterday at 3:30PM - @americanairlnes finally notified us our flight was Cancelled Flighted at 0316 AM,"[0.0, 0.0]",23-02-2015 06:42,Southeastern Pennsylvania USA,
5.70E+17,negative,1,Can't Tell,0.352,US Airways,,ashwatson3,,0,@USAirways I am appalled. My departure with you was all messed up and now on return i am supposed to fly alone with two very sick kids,,23-02-2015 06:42,,
5.70E+17,negative,1,Customer Service Issue,1,US Airways,,bcruz1028,,0,"@USAirways Will tweet all day until I get 
a live cust rep. I will make sure the world knows you don't care about your customers health.",,23-02-2015 06:42,,
5.70E+17,positive,1,,,US Airways,,jcsolomons,,0,@USAirways Thank you.,,23-02-2015 06:39,"Boston, MA",Quito
5.70E+17,neutral,0.6629,,0,US Airways,,DonIrvine,,0,@USAirways 4473.  She just called to say it's a runway clearing problem of all things.,,23-02-2015 06:34,Washington DC,Eastern Time (US & Canada)
5.70E+17,negative,1,Late Flight,1,US Airways,,ConstanceSCHERE,,0,@USAirways Decided to be a good sport and give you guys another shot. Flight delayed. Again.,"[39.88024969, -75.2363937]",23-02-2015 06:30,"Boston, MA",Atlantic Time (Canada)
5.70E+17,negative,1,Customer Service Issue,0.6919,US Airways,,MeeestarCoke,,0,@USAirways @AmericanAir on hold for 8 hours yesterday w/o speaking to an agent on hold again w/ 2 phones ~30 mins let the bashing begin...,,23-02-2015 06:28,BK,
5.70E+17,neutral,1,,,US Airways,,The_BlueAnchor,,0,@USAirways will all flights out of DFW be Cancelled Flightled today?,,23-02-2015 06:27,"Dallas, TX",Central Time (US & Canada)
5.70E+17,neutral,1,,,US Airways,,ttorabisu,,0,@USAirways can you add my KTN to an existing reservation?,,23-02-2015 06:26,ATL | DTW | NRT,
5.70E+17,negative,1,longlines,0.6708,US Airways,,macaliciousmac,,0,@USAirways please fix the very unproductive check in process at @DCA. 20 check in stations and 2 people working them. What a total mess!!!!,,23-02-2015 06:25,earth for now,Eastern Time (US & Canada)
5.70E+17,negative,0.6523,Can't Tell,0.6523,US Airways,,jcsolomons,,0,@USAirways I will. Is it down or is just me?,,23-02-2015 06:21,"Boston, MA",Quito
5.70E+17,neutral,0.6775,,0,US Airways,,BSmithwood,,0,@USAirways I'm supposed to fly through Dallas. Can you help me get a new itinerary?,,23-02-2015 06:15,"Boston, MA",
5.70E+17,positive,1,,,US Airways,,JOHN_TURNER_JR,,0,@USAirways Your CLT baggage crew deserves a #kudos. I had to run to make my connection. And my bags still made it! #CustomerService,,23-02-2015 06:13,"Mobile, Alabama, US",Central Time (US & Canada)
5.70E+17,positive,1,,,US Airways,,jsilver76,,0,@USAirways Thanks!,,23-02-2015 06:10,,Eastern Time (US & Canada)
5.70E+17,negative,1,Can't Tell,0.378,US Airways,,JKlein126,,4,@USAirways you denied a mom her AM flight because she NEEDED her breast pumping parts on a full flight? Please FIX this ASAP!! #freeflight,,23-02-2015 06:04,,
5.70E+17,negative,1,Can't Tell,0.6732,US Airways,,StephanSDalal,,0,"@USAirways: I relied on US Airways, and that was my mistake. Awful customer experience.",,23-02-2015 05:51,,
5.70E+17,negative,1,Customer Service Issue,0.6952,US Airways,,jcsolomons,,0,@USAirways Thank you. The website crashing for me.,,23-02-2015 05:50,"Boston, MA",Quito
5.70E+17,negative,1,Cancelled Flight,0.3373,US Airways,,XtianinNYC,,0,"@USAirways. On hold 2hrs after my flight was Cancelled Flightled &amp; ""Anthony"" was beyond rude and not helpful! @AmericanAir they're weighing you down.",,23-02-2015 05:40,,Eastern Time (US & Canada)
5.70E+17,negative,1,Late Flight,1,US Airways,,corybronze,,0,"@USAirways Will the nightmare ever end? Just found out our flight today is delayed due to ""ground handling delays affecting a prior flight.""",,23-02-2015 05:32,,
5.70E+17,positive,1,,,US Airways,,TeaMontgomery,,0,@USAirways is alright with me. Please give Scott F at BDL a bonus for excellent customer service,,23-02-2015 05:24,Nube de la Reign,Eastern Time (US & Canada)
5.70E+17,negative,0.6452,Can't Tell,0.6452,US Airways,,daknadler,,0,"@USAirways : When You've Got to Get There, We've Got Excuses! #usairwaysfail",,23-02-2015 05:20,Jacksonville,Eastern Time (US & Canada)
5.70E+17,neutral,0.7006,,0,US Airways,,LaurenCarrot,,0,"@USAirways I'm referring to email like this.  Just tell people when they GET the upgrade. Otherwise, we know already. http://t.co/N8UvCLMADA","[33.6424884, -84.4325976]",23-02-2015 05:20,Your Dreams,
5.70E+17,negative,1,Lost Luggage,0.6609,US Airways,,klink1015,,0,"@USAirways first, luggage got stuck in a different city, now I get them back today &amp; one of your employees stole a pair of gloves from me!",,23-02-2015 05:17,New York,
5.70E+17,neutral,1,,,US Airways,,Plopadiddy,,0,"@USAirways  I just reserved a flight with my companion certificate, where do I mail the certificate for verification???? THX!!!",,23-02-2015 05:09,,Hawaii
5.70E+17,neutral,1,,,US Airways,,jsilver76,,0,"@USAirways Do your flight schedules to - from Quintana Roo, Mexico reflect their newly adopted time zone change to EST?",,23-02-2015 05:03,,Eastern Time (US & Canada)
5.70E+17,negative,1,Customer Service Issue,1,US Airways,,MadameMoodle,,0,@USAirways sure knows how to pamper customers they strand abroad. #badcustomerservice #fend4yourself #youareonyourown http://t.co/Pw1eudlcZg,"[21.15194085, -86.82443877]",23-02-2015 05:02,"Sacramento, CA 95864",Pacific Time (US & Canada)
5.70E+17,neutral,0.6421,,0,US Airways,,daknadler,,0,@USAirways : Maybe You Should Drive #usairwaysfail,,23-02-2015 05:00,Jacksonville,Eastern Time (US & Canada)
5.70E+17,negative,0.6458,Can't Tell,0.6458,US Airways,,daknadler,,1,@USAirways : We Suck -- And Pass the Savings on to Us! #usairwaysfail,,23-02-2015 04:58,Jacksonville,Eastern Time (US & Canada)
5.70E+17,neutral,0.6458,,,US Airways,,PeterPiatetsky,,0,@USAirways thank you for the apology,,23-02-2015 04:56,Nebraska,Eastern Time (US & Canada)
5.70E+17,negative,0.6713,Customer Service Issue,0.6713,US Airways,,jcsolomons,,0,@USAirways Can you help me with a refund.  the phone guy couldn't help.  The website won't let me submit a reply.,,23-02-2015 04:52,"Boston, MA",Quito
5.70E+17,negative,1,Late Flight,1,US Airways,,daknadler,,0,@USAirways We take Late Flight to a whole new level!,,23-02-2015 04:51,Jacksonville,Eastern Time (US & Canada)
5.70E+17,positive,1,,,US Airways,,hegshmeg,,0,“@USAirways: @hegshmeg O” thank you for that elaborate response,,23-02-2015 04:33,los angeles ca,Pacific Time (US & Canada)
5.70E+17,negative,1,Can't Tell,0.6702,US Airways,,pantsasnapkins,,0,@USAirways You guys are screwing up my trip. Thanks for nothing. #lazy,,23-02-2015 04:18,"The Specific Ocean
",
5.70E+17,neutral,0.6655,,0,US Airways,,jcsolomons,,0,@USAirways Is your refund system down?,,23-02-2015 04:15,"Boston, MA",Quito
5.70E+17,negative,1,Lost Luggage,0.6669,US Airways,,Keri_Everhart,,0,@usairways Seriously. This is ridiculous. I shouldn't have to wait a hour for my luggage after I land. #wtf,,23-02-2015 03:52,"NC, USA",Eastern Time (US & Canada)
5.70E+17,neutral,1,,,US Airways,,SmileyNthahood,,0,"That's not the case.. They sent me a email with a link, I'll show you.. @USAirways http://t.co/hb799CCo0t",,23-02-2015 03:52,,Pacific Time (US & Canada)
5.70E+17,negative,1,Lost Luggage,0.6806,US Airways,,Keri_Everhart,,0,@usairways Why are we waiting 40 min so far for our luggage??? #wannagohome,,23-02-2015 03:47,"NC, USA",Eastern Time (US & Canada)
5.70E+17,negative,1,Flight Attendant Complaints,1,US Airways,,KAhax,,0,@USAirways the only time I tweet is to tell you how horrible you're attendants are. Flight 3841 to LGA. I feel in jail,"[40.49569523, -80.24513477]",23-02-2015 03:44,,
5.70E+17,negative,0.6699,Customer Service Issue,0.3411,US Airways,,earthXplorer,,1,@USAirways hello??? Anyone there?,,23-02-2015 03:41,"Miami, Fl. USA",Eastern Time (US & Canada)
5.70E+17,negative,1,Customer Service Issue,0.6592,US Airways,,notmakefriends,,0,@USAirways forced sections 4 and 5 to check their carry on. would have packed differently to check my bag. Why even allow it? #pissed,,23-02-2015 03:34,"Sherman Oaks, CA",Pacific Time (US & Canada)
5.70E+17,negative,0.6679,Bad Flight,0.6679,US Airways,,Peakway3,,0,"@USAirways Raleigh to Chicago and no #firstclass upgrade. Must be flying AA 'the screw USAir Elite, after we bailed them out' Airline",,23-02-2015 03:31,North Carolina,
5.70E+17,negative,1,Late Flight,0.6875,US Airways,,sheilafmaguire,,0,"@USAirways flt 419. 2+ hrs Late Flight, baggage + 1 more hr. Now I see they delivered my suitcase wet inside &amp; out. #NotHappy","[36.11203645, -115.17712729]",23-02-2015 03:27,"Scituate, MA",Eastern Time (US & Canada)
5.70E+17,negative,1,Customer Service Issue,0.6419,US Airways,,patrickcota5,,0,@USAirways then she had to get her own hotel so ur agents did nothing to help and to top it off you sent her luggage on the wrong flight!!!,,23-02-2015 03:15,,
5.70E+17,negative,1,Customer Service Issue,1,US Airways,,patrickcota5,,0,"@USAirways so she has to take a Late Flightr flight booked by her corporate (Disney) travel dept, as your agent offered little help",,23-02-2015 03:12,,
5.70E+17,negative,1,Customer Service Issue,0.3511,US Airways,,patrickcota5,,0,@USAirways your computer system went down ok that is understandable but the agents make it worse by not helping her or anyone else,,23-02-2015 03:07,,
5.70E+17,negative,1,Customer Service Issue,0.6322,US Airways,,patrickcota5,,0,"@USAirways as the employee responsible for social media content, yes u probably do care however the actions from last night say otherwise",,23-02-2015 03:04,,
5.70E+17,negative,1,Lost Luggage,0.6587,US Airways,,BarrelAgedElle,,0,@USAirways Flight gets in 30 minutes early and all goodwill gone when bags aren't here 45 minutes Late Flightr,,23-02-2015 02:48,Boston,Central Time (US & Canada)
5.70E+17,negative,1,Customer Service Issue,1,US Airways,,SophAustenSneak,,0,"@USAirways. wow, awful customer service.",,23-02-2015 02:44,London,London
5.70E+17,negative,1,Can't Tell,1,US Airways,,tessabusenius,,0,@USAirways merging with American will negatively affect your quality and integrity. I will no longer fly with you because of it.,,23-02-2015 02:15,Edmonton,
5.70E+17,negative,0.7009,Customer Service Issue,0.7009,US Airways,,TravelingProf,,0,@USAirways How many agents do you have working to handle the thousands of calls?,,23-02-2015 01:00,"Great Barrington, MA",Eastern Time (US & Canada)
5.70E+17,positive,1,,,US Airways,,Logunov_Daniil,,0,@USAirways YOU ARE THE BEST!!! YOU ARE AMAZING!!! FOLLOW ME PLEASE;)🙏🙏🙏,,23-02-2015 00:34,"Russia, Россия",Abu Dhabi
5.70E+17,negative,1,Late Flight,1,US Airways,,earthXplorer,,0,@USAirways flight 435 is delayed so will miss connecting flight 457 can you please help with alternate? Thank you.,,23-02-2015 00:33,"Miami, Fl. USA",Eastern Time (US & Canada)
5.70E+17,neutral,0.6879,,,US Airways,,m_appel,,0,"@USAirways 4469, thank you for asking.",,23-02-2015 00:25,Washington DC ,Central Time (US & Canada)
5.70E+17,negative,1,Customer Service Issue,0.6559,US Airways,,rmb1213,,0,@USAirways three hour wait and counting waiting for reservations on the phone. Are you serious!?,,23-02-2015 00:16,"Blackwood, NJ",Central Time (US & Canada)
5.70E+17,positive,1,,,US Airways,,jakenemmasmom,,0,@USAirways on a happy note our 719 crew is wonderful. Can't say enough great things about our pilot. He's doing all he can for us.,,23-02-2015 00:12,,
5.70E+17,negative,1,Late Flight,1,US Airways,,jakenemmasmom,,0,@USAirways What a mess caused by the computer systems. Flight 719 in 3 hours Late Flight and now no gate for us. Est 26 min wait.,,23-02-2015 00:10,,
5.70E+17,negative,1,Customer Service Issue,1,US Airways,,TarpsTwin,,0,"@USAirways Storm or no storm, your customer service is a joke. 6 hour wait time to speak to someone? I will never fly your airline again.","[0.0, 0.0]",22-02-2015 23:44,"Washington, DC",
5.70E+17,negative,1,Lost Luggage,1,US Airways,,Andyba25,,0,@USAirways you guys have my luggage in San Jose and were supposed to deliver it to my hotel hours ago!! Please contact me.,,22-02-2015 23:38,South,
5.70E+17,negative,1,Can't Tell,1,US Airways,,rossj987,,0,@USAirways I've flown 6 figured worth of miles in my lifetime.  This was my first and last ever flight on US Airways,,22-02-2015 23:35,"Washington, D.C.",Eastern Time (US & Canada)
5.70E+17,negative,1,Late Flight,0.666,US Airways,,JackieSeigel,,0,@USAirways pls get me back to Tallahassee:( no one should ever have to be stranded in Gainesville for this long😒,,22-02-2015 23:26,,Central Time (US & Canada)
5.70E+17,negative,1,Can't Tell,0.3659,US Airways,,rossj987,,0,@USAirways your a miserable airline and your loss of revenue is a reflection of that.  Go extinct.  A merger only delays the inevitable,,22-02-2015 23:26,"Washington, D.C.",Eastern Time (US & Canada)
5.70E+17,negative,1,Can't Tell,0.6739,US Airways,,rossj987,,0,@USAirways What was the point of the merger?  Why not just go out of business if your not turning a profit anymore?,,22-02-2015 23:26,"Washington, D.C.",Eastern Time (US & Canada)
5.70E+17,negative,0.6697,Can't Tell,0.3394,US Airways,,rossj987,,0,@USAirways I love how just to give feedback to this link I have to fill out all my personal info on a form.  You guys are the best :),,22-02-2015 23:25,"Washington, D.C.",Eastern Time (US & Canada)
5.70E+17,negative,1,Customer Service Issue,1,US Airways,,mcarroll_,,0,@USAirways Finally got ahold of an Agent after another hour. Thanks for the follow up.  Recommend a call back feature.,,22-02-2015 23:23,Washington D.C.,Eastern Time (US & Canada)
5.70E+17,negative,1,Can't Tell,0.3604,US Airways,,rossj987,,0,@USAirways IS THIS RINGLING BROTHERS BARNUM AND BAILEY???  SHOULD I KEEP MY EYES PEELED FOR THE CLOWN CAR???,,22-02-2015 23:23,"Washington, D.C.",Eastern Time (US & Canada)
5.70E+17,negative,1,Late Flight,1,US Airways,,rossj987,,0,@USAirways not to mention the fact that my flight was delayed BECAUSE YOUR COMPUTERS WERE DOWN,,22-02-2015 23:23,"Washington, D.C.",Eastern Time (US & Canada)
5.70E+17,negative,0.65,Flight Booking Problems,0.3609,US Airways,,pronetowander,,0,@USAirways cannot add my frequent flyer number on your website.  Can you help?,,22-02-2015 23:22,,
5.70E+17,negative,1,Customer Service Issue,0.6894,US Airways,,rossj987,,0,@USAirways how do I get off my plane and wait over an hour and a half to speak to someone about reFlight Booking Problems?,,22-02-2015 23:22,"Washington, D.C.",Eastern Time (US & Canada)
5.70E+17,negative,1,Customer Service Issue,1,US Airways,,rossj987,,0,"@USAirways Please don't trivialize me.  This is a joke, not a slow day or slow experience",,22-02-2015 23:22,"Washington, D.C.",Eastern Time (US & Canada)
5.70E+17,negative,1,longlines,0.658,US Airways,,rossj987,,0,@USAirways And how do you only have 1 agent at PHX customer service desk when an hour ago the line was over 100 people long?,,22-02-2015 23:21,"Washington, D.C.",Eastern Time (US & Canada)
5.70E+17,negative,1,Customer Service Issue,0.6763,US Airways,,rossj987,,0,@USAirways sorry doesn't help.  It's midnight PST.  How in the hell am I still on hold after 90 minutes on customer service line?,,22-02-2015 23:21,"Washington, D.C.",Eastern Time (US & Canada)
5.70E+17,negative,0.6793,Can't Tell,0.6793,US Airways,,rossj987,,0,@USAirways Like I thought this was America.  When did US Airways start operating under the rules of communist Russia?,,22-02-2015 23:20,"Washington, D.C.",Eastern Time (US & Canada)
5.70E+17,negative,1,Customer Service Issue,0.6904,US Airways,,rossj987,,0,@USAirways you guys should be nice and just give your routes to jet blue and southwest.  At least they treat their customers properly.,,22-02-2015 23:19,"Washington, D.C.",Eastern Time (US & Canada)
5.70E+17,negative,1,Can't Tell,0.3748,US Airways,,rossj987,,0,@USAirways But nope!  Apparently this is the way you guys do business!  I guess I'm flying southwest and her blue from now on.,,22-02-2015 23:19,"Washington, D.C.",Eastern Time (US & Canada)
5.70E+17,negative,1,Can't Tell,0.6882,US Airways,,rossj987,,0,@USAirways I keep thinking this is a massive practical joke and someone is gonna appear out of thin air and take me to Reno tonight.,,22-02-2015 23:18,"Washington, D.C.",Eastern Time (US & Canada)
5.70E+17,negative,1,longlines,0.6714,US Airways,,rossj987,,0,@USAirways there's over 50 people in line and only one agent!,,22-02-2015 23:17,"Washington, D.C.",Eastern Time (US & Canada)
5.70E+17,negative,1,Customer Service Issue,1,US Airways,,rossj987,,0,"@USAirways And by the way, I'm planning it while I've Ben waiting in the line at customer service in PHX...for over an hour!",,22-02-2015 23:17,"Washington, D.C.",Eastern Time (US & Canada)
5.70E+17,negative,0.6588,Can't Tell,0.6588,US Airways,,rossj987,,1,"@USAirways Already planning my local boycott for Washington, D.C. Area.",,22-02-2015 23:16,"Washington, D.C.",Eastern Time (US & Canada)
5.70E+17,negative,1,Can't Tell,1,US Airways,,rossj987,,0,@USAirways I can legitimately say that I would have rather driven cross country than flown on US Airways.,,22-02-2015 23:16,"Washington, D.C.",Eastern Time (US & Canada)
5.70E+17,negative,1,Customer Service Issue,1,US Airways,,rossj987,,0,@USAirways and despite the fact I see you answering all these people on twitter with mundane qs you refuse to answer me!,,22-02-2015 23:15,"Washington, D.C.",Eastern Time (US & Canada)
5.70E+17,negative,1,Customer Service Issue,0.6403,US Airways,,rossj987,,0,"@USAirways you guys are the worst airline I've ever dealt with.  No notifications, no keeping customers updated.  Terrible service",,22-02-2015 23:14,"Washington, D.C.",Eastern Time (US & Canada)
5.70E+17,negative,1,Customer Service Issue,1,US Airways,,rossj987,,0,@USAirways hey guys!  Thanks for answering me and thanks for keeping me on hold for an hour on customer service at 12 pm PST!,,22-02-2015 23:14,"Washington, D.C.",Eastern Time (US & Canada)
5.70E+17,neutral,0.695,,,US Airways,,mrmorganmusic,,0,"@USAirways @PDQuigley any progress? Good luck, Patrick!",,22-02-2015 23:02,"Conway, AR",Central Time (US & Canada)
5.70E+17,positive,0.6849,,,US Airways,,DavidHall1981,,0,"@USAirways @landonschott he's fine, he really likes picking his own seat....",,22-02-2015 22:54,"Adelaide, South Australia",Adelaide
5.70E+17,negative,1,Can't Tell,1,US Airways,,FallNightLights,,1,@USAirways is the worst airline to ever travel with.,,22-02-2015 22:36,Detroit - Hampton U.,Quito
5.70E+17,negative,1,Can't Tell,0.6605,US Airways,,FallNightLights,,0,"@USAirways has to be the most lazy, inconsiderate, and unprofessional airline that I have ever traveled.",,22-02-2015 22:35,Detroit - Hampton U.,Quito
5.70E+17,negative,1,Customer Service Issue,1,US Airways,,patrickcota5,,0,@USAirways Do you have any pride in your service? Any concerns for my wife and everyone else on that flight? Or you just don't care????!!!,,22-02-2015 22:34,,
5.70E+17,negative,0.6932,Bad Flight,0.3636,US Airways,,patrickcota5,,0,@USAirways now U horrible people say you have no where for her to sleep?,,22-02-2015 22:32,,
5.70E+17,negative,1,Lost Luggage,1,US Airways,,patrickcota5,,0,@USAirways who's in charge of your company? My wife missed her connection to CA you sent her luggage on another flight,,22-02-2015 22:31,,
5.70E+17,negative,1,Customer Service Issue,1,US Airways,,CourtneyyKay,,0,@USAirways the call hung up on me..,,22-02-2015 22:29,Michigan ➡️ Florida,Eastern Time (US & Canada)
5.70E+17,negative,1,Customer Service Issue,0.6605,US Airways,,JaimConn,,0,@USAirways got this message on your site to call about my flight - just gave up after being on hold for 3 HOURS! http://t.co/5cDX2ROAE6,,22-02-2015 21:49,,Eastern Time (US & Canada)
5.70E+17,negative,1,Customer Service Issue,1,US Airways,,Alauric_21,,0,@USAirways #usairways lost a passenger today for not upholding their promise of excellent customer service!!!,,22-02-2015 21:45,ImInMiamiBitch,Central Time (US & Canada)
5.70E+17,negative,1,Lost Luggage,1,US Airways,,jillhelsel8,,0,@USAirways yet again your staff in Philadelphia  failed to send my luggage home with me. #alwayshappensthere #angrytraveler,,22-02-2015 21:45,,
5.70E+17,negative,1,Customer Service Issue,1,US Airways,,lminboston,,0,@USAirways  ok my 4th try today....giving up at 12.45am after 138 minute hold time. #terrible http://t.co/Ps9Q9RPSiL,,22-02-2015 21:45,,
5.70E+17,negative,0.6632,Customer Service Issue,0.6632,US Airways,,SmileyNthahood,,0,Number or email? That's the purpose of sending you a tweet? @USAirways,,22-02-2015 21:31,,Pacific Time (US & Canada)
5.70E+17,positive,1,,,US Airways,,abrykwall,,0,@USAirways Thank you. I'll do that next time!,,22-02-2015 21:25,RDU,Eastern Time (US & Canada)
5.70E+17,negative,1,Customer Service Issue,0.6533,US Airways,,CourtneyyKay,,0,@USAirways it still says that I can't check into my flight because the information is incorrect but everything is entered correctly,,22-02-2015 21:22,Michigan ➡️ Florida,Eastern Time (US & Canada)
5.70E+17,negative,1,Late Flight,1,US Airways,,ubanks,,0,@USAirways this says it was estimated to leave an hour ago (it hasn't left yet) so thanks for this useful information. #TheWorstAirline,,22-02-2015 21:15,Philly Yo,Eastern Time (US & Canada)
5.70E+17,negative,1,Customer Service Issue,1,US Airways,,STPVRITCK,,0,@USAirways your customer service is horrendous. Between the way employees speak customers and their lack of care for problems with flights.,,22-02-2015 21:14,LS ❤️,Central Time (US & Canada)
5.70E+17,negative,1,Cancelled Flight,0.6883,US Airways,,ScoobyLoo4572,,0,@USAirways had mom sit for 3 hours waiting for a flight they ultimately Cancelled Flighted to give her a Tuesday morning flight...no compensation. Ugh,,22-02-2015 21:12,,Eastern Time (US & Canada)
5.70E+17,negative,1,Can't Tell,0.6917,US Airways,,ThomasBowser19,,0,@USAirways does anyone from your airline know how to do their job?,,22-02-2015 21:06,,
5.70E+17,negative,1,Can't Tell,0.6563,US Airways,,Mia_Da_Jedi,,0,@USAirways Has To Be THE WORST Airline Of All Time😡😡😡,,22-02-2015 21:03,Down The Rabbit Hole,Pacific Time (US & Canada)
5.70E+17,negative,1,Lost Luggage,0.6706,US Airways,,KateMary,,0,@USAirways denied me standby bc of checked bag in cvg 5163 to Phl @ 6..so I had to take delayed 3751 4 hrs Late Flightr...except u lost bag in cvg,,22-02-2015 20:56,"Wayne,PA USA",
5.70E+17,negative,0.3682,Can't Tell,0.3682,US Airways,,landonschott,,0,@USAirways you reminded me today why I fly @SouthwestAir,,22-02-2015 20:53,Austin TX,Central Time (US & Canada)
5.70E+17,positive,1,,,US Airways,,sebastian_mcfox,,0,@USAirways looks like our bag has been rescued. Thanks!,,22-02-2015 20:53,,
5.70E+17,negative,1,Customer Service Issue,0.7021,US Airways,,MrDrewcoleman,,0,@USAirways .... I've been trying to get through to book a reservation and the system will not let me through. Day 3 #ridiculous,,22-02-2015 20:53,Louisiana,Eastern Time (US & Canada)
5.70E+17,negative,1,Can't Tell,1,US Airways,,jamokee,,0,@USAirways you are the worst.,,22-02-2015 20:49,"Sandy Eggo, California ",Alaska
5.70E+17,negative,1,Customer Service Issue,0.6643,US Airways,,MelCMP,,0,@USAirways making folks run from gate C29 to A18 to B11 with NO EXPLANATION and zero carts to transfer elderly and handicap. #PHL,,22-02-2015 20:46,Pennsylvania,Eastern Time (US & Canada)
5.70E+17,negative,1,Late Flight,1,US Airways,,RishiKumar8,,0,@USAirways have been waiting in an airplane for a total of 3 hours to take off between 2 flights today...this usually doesn't happen...,,22-02-2015 20:45,,Quito
5.70E+17,negative,1,Cancelled Flight,0.6987,US Airways,,MelCMP,,0,@USAirways not given option for new flight! Why can't we get a plane PHL-MIA? 20years as an #eventprof this is worst travel experience ever,,22-02-2015 20:43,Pennsylvania,Eastern Time (US & Canada)
5.70E+17,negative,1,Lost Luggage,0.3509,US Airways,,ricapotomus,,0,@USAirways doesn't let u do stand by on flight due to checked bag causing u to get in 5 hours Late Flightr only to get to PHL &amp; bag didn't make it,,22-02-2015 20:42,"Phoenixville, Pa",Eastern Time (US & Canada)
5.70E+17,neutral,0.6259,,0,US Airways,,TweetsByTrav,,0,@USAirways and @AmericanAir aren't as merged as the marketing departments would have us believe. Maybe @Delta or @united can get me home?,,22-02-2015 20:40,,
5.70E+17,negative,1,Late Flight,1,US Airways,,MelCMP,,0,"@USAirways absolutely worst experience of my life at PHL. 6 hrs, 1 failed departure, 3 gates, and ZERO communication or help!!",,22-02-2015 20:40,Pennsylvania,Eastern Time (US & Canada)
5.70E+17,negative,1,Customer Service Issue,1,US Airways,,MeganStephens74,,0,"@USAirways @AmericanAir as soon as I call customer service to speak to a representative, I am disconnected",,22-02-2015 20:36,"Philadelphia, PA",Atlantic Time (Canada)
5.70E+17,negative,1,Customer Service Issue,1,US Airways,,MeganStephens74,,0,"@USAirways @AmericanAir have been trying to call customer service since 9pm. After an hour, was disconnected. Spoke to no one",,22-02-2015 20:35,"Philadelphia, PA",Atlantic Time (Canada)
5.70E+17,negative,1,Customer Service Issue,1,US Airways,,MeganStephens74,,0,@USAirways give us no information and an attitude.,,22-02-2015 20:34,"Philadelphia, PA",Atlantic Time (Canada)
5.70E+17,neutral,1,,,US Airways,,rgilbane,,0,@USAirways Looking for some help to recover an item I left on an airplane this evening,,22-02-2015 20:33,Rhode Island,Eastern Time (US & Canada)
5.70E+17,negative,1,Flight Attendant Complaints,1,US Airways,,MeganStephens74,,0,@USAirways attendants at the gate. Enjoyed watching the other flight to our destination take off before having a horrible attendant give us,,22-02-2015 20:33,"Philadelphia, PA",Atlantic Time (Canada)
5.70E+17,negative,1,Cancelled Flight,1,US Airways,,MeganStephens74,,0,"@USAirways now has stranded is in #Miami without updating any of the departure boards, and once they Cancelled Flightled the flight there was no...",,22-02-2015 20:32,"Philadelphia, PA",Atlantic Time (Canada)
5.70E+17,negative,1,Late Flight,1,US Airways,,theEnergyMads,,0,@USAirways you are absolutely terrible at managing these delays... Been delayed and undelayed and delayed 6 times now. 10 AM office hours.,,22-02-2015 20:29,University of Vermont,
5.70E+17,negative,1,Customer Service Issue,0.6792,US Airways,,MeganStephens74,,0,"@USAirways @AmericanAir have the most rude, unreliable, horrible company with equally rude, unreliable and horrible employees. Stay tuned.",,22-02-2015 20:28,"Philadelphia, PA",Atlantic Time (Canada)
5.70E+17,negative,1,Can't Tell,0.343,US Airways,,ursus_marit,,0,"@USAirways #PHL why does it take an hour to offload bags, especially after taking 30+ min to get a jetway to get off plane after landing?",,22-02-2015 20:19,The Last Floater,Pacific Time (US & Canada)
5.70E+17,negative,1,Late Flight,1,US Airways,,EAFiedler,,0,"@USAirways flight #703 Philly -&gt; Mia? Bwahahaha! Delayed 5+ hrs, were in the air 30 mins then turned back around. #usairwaysfail",,22-02-2015 20:08,Philly,Eastern Time (US & Canada)
5.70E+17,negative,1,Customer Service Issue,1,US Airways,,kburke1122,,0,@USAirways I'm tired of paying for luggage &amp; less than stellar customer service @AmericanAir. #notafanofyourmerger,"[33.80598632, -118.36571615]",22-02-2015 20:06,,Pacific Time (US & Canada)
5.70E+17,negative,0.6832,Late Flight,0.3721,US Airways,,m_appel,,0,@USAirways have you heard about the debacle at DCA? What is happening with our New Orleans flight? #wewanttoknow,,22-02-2015 20:06,Washington DC ,Central Time (US & Canada)
5.70E+17,negative,0.6842,Bad Flight,0.6842,US Airways,,Steeee___,,0,@USAirways I think it's a little weak sauce you have zero inflight entertainment for a 4 hour flight from Salt Lake to Philadelphia,,22-02-2015 20:03,,Central Time (US & Canada)
5.70E+17,negative,1,Late Flight,0.3389,US Airways,,PeterPiatetsky,,0,"@USAirways we flew out, through and into good weather. when we landed,  another technical issue with gate. improve service or lose customers",,22-02-2015 20:03,Nebraska,Eastern Time (US & Canada)
5.70E+17,negative,1,Cancelled Flight,0.716,US Airways,,PDQuigley,,0,"@USAirways - is stranding your customers, not reFlight Booking Problems them, and then not answering the phone the way you treat Platinum members?",,22-02-2015 20:01,"Washington, D.C.",
5.70E+17,negative,1,Customer Service Issue,0.6742,US Airways,,Chudokab,,0,@USAirways I made a reservation online but I didn't receive any confirmation email. My bank said the transaction went through. Can u help?,,22-02-2015 19:59,,
5.70E+17,negative,1,Late Flight,1,US Airways,,EAFiedler,,0,@USAirways This is the worst flying experience of my life. Flight scheduled for departure at 5:44pm from Phl. 5+ hrs Late Flightr guess where I am?,,22-02-2015 19:54,Philly,Eastern Time (US & Canada)
5.70E+17,neutral,1,,,US Airways,,bradfordradio,,0,@USAirways Have you issued a Memphis travel advisory for tomorrow? Winter weather coming through now.,,22-02-2015 19:51,,
5.70E+17,negative,1,Late Flight,1,US Airways,,Geneva_Sands,,0,@USAirways any update on this flight?It's more than three hours delayed. Thank you.,,22-02-2015 19:43,"Washington, D.C. ",Eastern Time (US & Canada)
5.70E+17,negative,1,Can't Tell,0.6527,US Airways,,biscuittmfs,,0,"@USAirways @AmericanAir you should partner w/ a different hotel in PHL, the clarion is proving to be very difficult &amp; not customer friendly",,22-02-2015 19:43,NY - SoFlo - The Tardis,Eastern Time (US & Canada)
5.70E+17,negative,1,Late Flight,0.6559,US Airways,,lasslawqsb,,0,@USAirways truly dissapointed when our flight is delayed and going to miss connection that we are expected to rebook our own flight????????,,22-02-2015 19:41,,
5.70E+17,negative,1,Late Flight,0.6624,US Airways,,Mark_Shires,,0,"@USAirways - you kind of screwed my day up, at least it was outbound, but you did save it by stranding me in a @RenHotels @MarriottRewards",,22-02-2015 19:41,WITSEC League,Atlantic Time (Canada)
5.70E+17,negative,1,Customer Service Issue,0.6737,US Airways,,emmbee12,,0,@USAirways nightmare trying to get to Costa Rica from PHL today. Stuck in Miami and no one answers at 800 number.,,22-02-2015 19:37,New Jersey,
5.70E+17,negative,1,Late Flight,1,US Airways,,georgetietjen,,1,@USAirways @PeterPiatetsky Ummmm I think US Air's computers@were@down for hours - my flight is 3 hours Late Flight.,,22-02-2015 19:35,,
5.70E+17,negative,1,Late Flight,0.3622,US Airways,,dline2005,,0,"@USAirways comedy of errors continues..."" We can't get into our gate, there is a broken down truck in the way"" #fail",,22-02-2015 19:32,"Columbus, Ohio",Eastern Time (US & Canada)
5.70E+17,negative,1,Customer Service Issue,1,US Airways,,UnluckyDon,,0,@USAirways Instructions say to CALL. I'm just doing what it said to do.,,22-02-2015 19:32,"Santa Cruz, CA",
5.70E+17,positive,1,,,US Airways,,LarrySandeen,,0,@USairways Since I am a loyal USAir customer I am sure that they will make this up to me-right now I want to get home &amp; back to work.,"[0.0, 0.0]",22-02-2015 19:27,Southeastern Pennsylvania USA,
5.70E+17,negative,1,Customer Service Issue,0.6421,US Airways,,LarrySandeen,,0,@USAirways The fact we did not get notified hindered our ability to look for alternate flights before they were snapped up.,"[0.0, 0.0]",22-02-2015 19:26,Southeastern Pennsylvania USA,
5.70E+17,negative,1,Late Flight,1,US Airways,,fischer_pricee,,0,@USAirways you're really fudgin up with all these delays 😡 #justwantmybed,,22-02-2015 19:25,ODU swim and dive '17,Quito
5.70E+17,negative,1,Can't Tell,0.3464,US Airways,,LarrySandeen,,0,"@USAirways Just discovered that they billed us $300 for the rescheduled flight, which cost me a second day of lost work.","[0.0, 0.0]",22-02-2015 19:24,Southeastern Pennsylvania USA,
5.70E+17,negative,1,Cancelled Flight,0.6538,US Airways,,LarrySandeen,,0,@USAirways Today USAir Cancelled Flightled our rescheduled flight &amp; did not notify us except possibly to our home phone-not helpful since we are in CO,,22-02-2015 19:23,Southeastern Pennsylvania USA,
5.70E+17,negative,0.6737,Customer Service Issue,0.6737,US Airways,,CourtneyyKay,,0,@USAirways and I can't get through on any phones,,22-02-2015 19:23,Michigan ➡️ Florida,Eastern Time (US & Canada)
5.70E+17,negative,1,Can't Tell,0.3461,US Airways,,CourtneyyKay,,0,@USAirways Thanks for ruining my last night of vacation because I have to worry about my flight because y'all don't have record of it,,22-02-2015 19:22,Michigan ➡️ Florida,Eastern Time (US & Canada)
5.70E+17,positive,0.686,,0,US Airways,,LarrySandeen,,0,"@USAirways - Janet &amp; my DEN-PHL  flight Cancelled Flightled Saturday, USAIR rescheduled automatically &amp; notified us by email at no additional cost.",,22-02-2015 19:19,Southeastern Pennsylvania USA,
5.70E+17,negative,1,Customer Service Issue,1,US Airways,,GirthBrooksLMRA,,0,"@USAirways after 2 hrs of trying to reach real human, finally did and been on hold for 1:36 hrs for out of synch reservation.",,22-02-2015 19:16,,Central Time (US & Canada)
5.70E+17,negative,1,Bad Flight,0.3728,US Airways,,hindimovie6,,0,@usairways @usair   idiots took our plane &amp; gave it to someone else. Fudgers!!!! Flight 799 from Philly to Orlando,,22-02-2015 19:14,,Atlantic Time (Canada)
5.70E+17,negative,1,Cancelled Flight,0.3646,US Airways,,RyanEthanBeard,,0,@USAirways Missed flight. Rude CSR. No flight till Tuesday. No answer on twitter. Help me out with a RT @pattonoswalt you're my only hope.,,22-02-2015 19:13,,
5.70E+17,negative,1,Late Flight,1,US Airways,,daniellelewis_1,,0,"@USAirways delayed 2.5 hours @longbeachairport trying to get to @PHXSkyHarbor; give us an update, please???",,22-02-2015 19:09,,Eastern Time (US & Canada)
5.70E+17,negative,0.6718,Customer Service Issue,0.6718,US Airways,,ElmiraBudMan,,0,@USAirways @PHLAirport always nice when a customer service manager threatens customers standing in his understaffed lines for the last hour,,22-02-2015 19:04,Does it really matter,
5.70E+17,negative,1,Customer Service Issue,1,US Airways,,jrscharf,,0,@USAirways - just passed the 3 hour mark #onholdwith you for THIS call.  Gave up after 2.5 this morning.,,22-02-2015 18:59,,Eastern Time (US & Canada)
5.70E+17,negative,1,Customer Service Issue,0.7129,US Airways,,acnewsguy,,0,"@USAirways What is with your lost &amp; found.  My wife lost her phone in Philly, &amp; followed your web instructions to call an 800#.  No answer.",,22-02-2015 18:58,"New Haven, CT",Mountain Time (US & Canada)
5.70E+17,neutral,1,,,US Airways,,JeffOlpin,,0,"@USAirways Can you help with a seat assignment?  5 people flight 694, PHX to HNL, seats are split up.  Anything you can do will be great.",,22-02-2015 18:55,,Arizona
5.70E+17,neutral,1,,,US Airways,,EricYutzy,,0,@USAirways follow/dm please,,22-02-2015 18:53,,Indiana (East)
5.70E+17,negative,0.6609,Late Flight,0.343,US Airways,,jrscharf,,0,@USAirways - have dinner reservations in a few minutes -- and I've been trying to get through to you since BREAKFAST. #onholdwith,,22-02-2015 18:47,,Eastern Time (US & Canada)
5.70E+17,negative,1,Customer Service Issue,0.6683,US Airways,,BrianWadeRoach,,0,"@USAirways CLT, please send more than one cust svc rep to your cust svc counter to assist a line out the door. http://t.co/v24QNp3DOi",,22-02-2015 18:46,"Celina, TX",Central Time (US & Canada)
5.70E+17,negative,1,Customer Service Issue,1,US Airways,,JayNix01,,0,@USAirways help! I've been on hold for almost two hours. Trying 2 get home.,,22-02-2015 18:44,"Washington, DC",Quito
5.70E+17,negative,1,Customer Service Issue,0.6546,US Airways,,jrscharf,,0,"@USAirways  ""please call Late Flightr"" is not acceptable - but neither is being on hold for 5+ hrs #onholdwith",,22-02-2015 18:40,,Eastern Time (US & Canada)
5.70E+17,negative,1,longlines,1,US Airways,,G_Will_Eye_Am,,0,@USAirways been sitting at gate for over 25 min on us 728! What gives???,,22-02-2015 18:37,,
5.70E+17,negative,1,Customer Service Issue,1,US Airways,,jrscharf,,0,@USAirways - I wouldn't need to wait on hold for 6+ hours if your website worked correctly - please respond!,,22-02-2015 18:36,,Eastern Time (US & Canada)
5.70E+17,negative,1,Customer Service Issue,1,US Airways,,jrscharf,,0,"@USAirways - how do I get an answer to my question?  Holding for hours , after 6x getting your message just said you aren't taking calls.",,22-02-2015 18:34,,Eastern Time (US & Canada)
5.70E+17,negative,1,Bad Flight,0.6596,US Airways,,ElmiraBudMan,,0,@USAirways why the hell did you overbook a plane when you knew people actually had seat assignments. #inept #uncaring #piss poorplanning,,22-02-2015 18:34,Does it really matter,
5.70E+17,negative,1,Flight Attendant Complaints,0.3491,US Airways,,jtbloom,,0,"@USAirways worst service at Reagan Int. I rarely post about a company or service, but I am so annoyed. Not weather reLate Flightd…incompetence.","[38.86411798, -77.0231684]",22-02-2015 18:31,,Eastern Time (US & Canada)
5.70E+17,negative,1,Customer Service Issue,1,US Airways,,jrscharf,,0,@USAirways - been on hold for more than 2.5 hours - this after not getting through after 2 hours on hold this morning with no answer - help!,,22-02-2015 18:30,,Eastern Time (US & Canada)
5.70E+17,negative,1,Customer Service Issue,1,US Airways,,KOstrowka,,0,@USAirways So far....my phone wait time is longer than @ABCNetwork's #Oscars coverage. #WhatCustomerService,,22-02-2015 18:28,"Raleigh, NC",Eastern Time (US & Canada)
5.70E+17,negative,0.6596,Flight Booking Problems,0.3404,US Airways,,Peakway3,,0,"@USAirways Chairman Preferred with 518,758 lifetime miles. What is my US Air reward, no #firstclass upgrades on @AmericanAir as usual.",,22-02-2015 18:27,North Carolina,
5.70E+17,neutral,1,,,US Airways,,DontenPhoto,,0,@USAirways Flight 4424 operated by @FlyRepublicAir (N813MA) arrives at @FlyTPA following flight from Reagan National http://t.co/OSc9OFlol3,,22-02-2015 18:26,"Englewood, Florida",Eastern Time (US & Canada)
5.70E+17,negative,1,Late Flight,1,US Airways,,deantiggas,,0,@USAirways 45 minute delay for take off and 30 minute wait for checked bags? Really?,,22-02-2015 18:24,"Boston, MA",
5.70E+17,negative,1,Customer Service Issue,1,US Airways,,KOstrowka,,0,@USAirways I've been on hold for 90 minutes. This is terrible customer service. You messed up my reservation! http://t.co/oyLgeao7Y8,,22-02-2015 18:24,"Raleigh, NC",Eastern Time (US & Canada)
5.70E+17,negative,1,Lost Luggage,1,US Airways,,NickyAmberJones,,1,@USAirways why won't you help me get my luggage back? I'm a teen trying to change the world in DC #Flight5182 #usairways,,22-02-2015 18:20,Earth,Eastern Time (US & Canada)
5.70E+17,negative,1,Lost Luggage,1,US Airways,,LanierHope,,0,@USAirways Southern Hospitality luggage delivery service from SAV is AWFUL. Great @ delivering empty promises but not luggage #8hrs&amp;waiting,"[32.43487013, -80.64150369]",22-02-2015 18:20,Wherever US Air takes me...,Eastern Time (US & Canada)
5.70E+17,negative,1,Customer Service Issue,0.6374,US Airways,,RyanEthanBeard,,0,@USAirways 1st flight with U.S. Air Plane had mechanical issues. Wait 90 minutes for help from customer service. No help from management,,22-02-2015 18:19,,
5.70E+17,negative,1,Late Flight,0.3552,US Airways,,amist101,,0,"@USAirways  flight missed due to mech issue. No food voucher, transported to different airport, no rental reimbursement 😡",,22-02-2015 18:18,,
5.70E+17,negative,1,Late Flight,0.6632,US Airways,,ElmiraBudMan,,0,@USAirways @PHLAirport we don't control your stupidity in not having room to have a plane come in. You better not mess with us now.,,22-02-2015 18:17,Does it really matter,
5.70E+17,negative,1,Can't Tell,1,US Airways,,smw04,,0,@USAirways  Interesting you forward compliments but never complaints!  World's worst airline #GoingForGreatnessFAIL,,22-02-2015 18:17,,Atlantic Time (Canada)
5.70E+17,negative,1,Late Flight,1,US Airways,,JeffGRogers,,0,"@USAirways - flights 4500 AND 403 delayed for ""crew availability?""  What gives? I'm getting to TPA 2.5 hrs past my scheduled arrival.",,22-02-2015 18:16,"Spring HIll, FL",Eastern Time (US & Canada)
5.70E+17,negative,1,Late Flight,1,US Airways,,mneese11,,0,"@USAirways how is it that the airport (DCA) and the airline mess up our flights, but also will not cover our hotel costs? At DCA for 5hrs...",,22-02-2015 18:16,Indianapolis,
5.70E+17,negative,1,longlines,0.6737,US Airways,,RyanEthanBeard,,0,@USAirways in line for 90 min after mechanical issues caused me to miss my flight. 1 rep for 20 upset people. http://t.co/XFWXsRwkHa,,22-02-2015 18:16,,
5.70E+17,positive,1,,,US Airways,,maxtheminidoxie,,0,@USAirways the entire flight crew on flight 738 from BOS to PHL is doing a wonderful job and making this experience not totally suck. 😊,,22-02-2015 18:16,Boston,
5.70E+17,negative,1,Customer Service Issue,1,US Airways,,Shak_Diezel,,0,@USAirways Can someone please answer my call. I have been waaaaaaiting!!!,,22-02-2015 18:11,,Eastern Time (US & Canada)
5.70E+17,negative,1,Lost Luggage,1,US Airways,,NickyAmberJones,,1,@USAirways is holding my luggage hostage from flight 5182,,22-02-2015 18:10,Earth,Eastern Time (US & Canada)
5.70E+17,positive,1,,,US Airways,,JonTechie,,0,"@USAirways @AmericanAir major issues getting out of Boston, but your crew has been exceptional. Let's see how things roll out in Philly.",,22-02-2015 18:07,USA,Mountain Time (US & Canada)
5.70E+17,negative,1,Customer Service Issue,0.6667,US Airways,,SmileyNthahood,,0,"I've been trying to set up my phone interview for days, and hoping the position won't be filled because the link doesn't work. @USAirways",,22-02-2015 18:05,,Pacific Time (US & Canada)
5.70E+17,neutral,1,,,US Airways,,elias02,,0,@USAirways do you have an email??,,22-02-2015 18:03,,Quito
5.70E+17,negative,1,Can't Tell,0.3515,US Airways,,Mark_Shires,,0,"@USAirways - had to call to find out I was re-booked tomorrow, why ask for my number an email for day of info",,22-02-2015 18:02,WITSEC League,Atlantic Time (Canada)
5.70E+17,negative,1,Customer Service Issue,0.6873,US Airways,,amist101,,0,"@USAirways   US AIRWAYS DON'T CARE FOR CUSTOMERS. Worst experience today with US airways.. Myself, wife and toddler",,22-02-2015 18:02,,
5.70E+17,positive,1,,,US Airways,,johntrack,,0,@USAirways thanks to the whole team for an on-time flight despite inclement weather http://t.co/eQePkkPSXM,,22-02-2015 17:59,,Eastern Time (US & Canada)
5.70E+17,negative,1,Flight Attendant Complaints,1,US Airways,,elias02,,0,"@USAirways your rude staff said"" I don't care that we are out of market place food you're going on vacation and I have to work"" nice huh",,22-02-2015 17:59,,Quito
5.70E+17,neutral,1,,,US Airways,,miscgal,,0,@USAirways what happens to frequent flyer miles earned once merger is complete with AA?,,22-02-2015 17:54,,Tehran
5.70E+17,negative,0.7047,Lost Luggage,0.7047,US Airways,,dooriesstories,,0,@USAirways got off stand by list and on earlier flight to DCA. What is the status of my checked bag? Was supposed to be on #4047 thanks,,22-02-2015 17:53,DC|LA,Eastern Time (US & Canada)
5.70E+17,negative,1,Late Flight,1,US Airways,,Geneva_Sands,,0,@USAirways why does this flight keep getting delayed Late Flightr and Late Flightr?,"[33.54774386, -86.75224256]",22-02-2015 17:43,"Washington, D.C. ",Eastern Time (US & Canada)
5.70E+17,neutral,0.6976,,0,US Airways,,ubanks,,0,@USAirways any idea when flight 703 to Miami will leave for a second time?,,22-02-2015 17:42,Philly Yo,Eastern Time (US & Canada)
5.70E+17,negative,0.6444,Customer Service Issue,0.6444,US Airways,,beoliu,,0,@USAirways I have contacted them but only got an automated response that won't give me the code.,,22-02-2015 17:39,"Tuscaloosa, Alabama",Central Time (US & Canada)
5.70E+17,neutral,0.6629,,0,US Airways,,MikeDobbinsPHX,,0,"@USAirways @GregWallace66 Yea, they will give you 5 cents on the dollar!","[0.0, 0.0]",22-02-2015 17:37,New River AZ,Arizona
5.70E+17,negative,0.667,Flight Attendant Complaints,0.3485,US Airways,,weezerandburnie,,0,@USAirways Really a letter that says you will discuss serving drunks more drinks that doesn't help the current situation,,22-02-2015 17:36,Belle MO,
5.70E+17,positive,1,,,US Airways,,Marcusluft,,0,"@USAirways great, thank you!",,22-02-2015 17:36,"Thunder Bay, ON, Canada",Eastern Time (US & Canada)
5.70E+17,negative,1,Bad Flight,0.3384,US Airways,,weezerandburnie,,0,@USAirways @AmericanAir so does that mean @AmericanAir that you might care about my sister be assaulted on one of your flights,,22-02-2015 17:35,Belle MO,
5.70E+17,negative,1,Customer Service Issue,1,US Airways,,thestustein,,0,@USAirways on top of that a dozen ppl missed connections and you have ONE person at customer service? Abysmal!,"[39.8749399, -75.2407937]",22-02-2015 17:34,New York,Eastern Time (US & Canada)
5.70E+17,positive,1,,,US Airways,,sleenieto,,0,@USAirways it's not often that an airline is so easy to work with. I needed to change my flight time and the attendants at MKE made my day!,,22-02-2015 17:34,Tampa,Eastern Time (US & Canada)
5.70E+17,negative,1,Customer Service Issue,0.3455,US Airways,,weezerandburnie,,0,@USAirways @AmericanAir how is it possible that someone is drunk they bring a wheelchair for them but you keep serving them,,22-02-2015 17:34,Belle MO,
5.70E+17,negative,1,Customer Service Issue,0.6667,US Airways,,thestustein,,0,"@USAirways your service at PHL is abysmal. An hour on the runway waiting for a gate, no information anywhere, missed my connection abysmal!","[39.8749366, -75.2407972]",22-02-2015 17:33,New York,Eastern Time (US & Canada)
5.70E+17,negative,1,Customer Service Issue,1,US Airways,,weezerandburnie,,0,@USAirways @AmericanAir  worst customer service ever how can you let people be assaulted on your flights and do nothing about it,,22-02-2015 17:33,Belle MO,
5.70E+17,negative,1,Flight Attendant Complaints,0.6818,US Airways,,chiarapotenza,,0,@USAirways @AmericanAir Not providing pilots for your flights: is this a new feature of your merger? #efficencies,,22-02-2015 17:31,"Chicago, IL",Central Time (US & Canada)
5.70E+17,neutral,1,,,US Airways,,bsniz,,0,@USAirways do you know what flight the pilots for 1581 are coming in on? Thanks.,,22-02-2015 17:30,"Chicago, IL, USA",Eastern Time (US & Canada)
5.70E+17,negative,1,Customer Service Issue,1,US Airways,,weezerandburnie,,0,@USAirways so I guess you are ok with people being sexually assaulted on your flights nice customer service,,22-02-2015 17:27,Belle MO,
5.70E+17,negative,0.6566,Bad Flight,0.3333,US Airways,,Little_BeerGirl,,0,@USAirways PLEASE HELP need our plane to wait to go to #ELMIRA on Tarmac over an hr baggage took 45 and still not here thru customs,,22-02-2015 17:27,"ÜT: 42.076557,-76.770488",Eastern Time (US & Canada)
5.70E+17,negative,1,Bad Flight,0.6989,US Airways,,Mrodri0173,,0,@USAirways @AmericanAir USAIR #703 has returned to PHL due to issues with the fire detectors. What happens next?,,22-02-2015 17:27,"Miami Beach, Florida",
5.70E+17,negative,1,Customer Service Issue,0.3389,US Airways,,weezerandburnie,,0,"@USAirways ur specialist said they would talk to the stewardess about not serving drunks drinks, REALLY how does that help",,22-02-2015 17:26,Belle MO,
5.70E+17,negative,1,Late Flight,0.6854,US Airways,,packersri,,0,"@USAirways what is wrong in Boston? Why are only your plains not leaving tonight? Son needs to get back to state college, PA",,22-02-2015 17:22,"MA, NYC",
